technology,Bottom storage temperature,C in fuel,C stored,CO2 intensity,CO2 stored,FOM,Motor size,Top storage temperature,VOM,ammonia-input,c_b,c_v,capacity,capture rate,capture_rate,carbondioxide-input,carbondioxide-output,clinker-input,coal-input,commodity,compression-electricity-input,compression-heat-output,discount rate,district heat surcharge,district heat-input,economic_lifetime,efficiency,efficiency-biochar,efficiency-biomass,efficiency-electricity,efficiency-heat,efficiency-hydrogen,efficiency-tot,electricity-input,energy to power ratio,fuel,gas-input,hbi-input,heat-input,heat-output,hydrogen-input,investment,lifetime,lohc-input,methane-input,methanol-input,min_fill_level,naphtha-input,nitrogen-input,oil-input,ore-input,p_nom_ratio,pelletizing cost,scrap-input,slag-input,standing_losses,temperature difference,wood-input,yield-biochar,capital_cost,marginal_cost
Alkaline electrolyzer large size,,,,0.0,,2.8,,,0.3033,,,,,,,,,,,,,,0.07,,,,1.0,,,,,,,1.38,,0.0,,,,,,544776.4,40.0,,,,,,,,,,,,,0.0,,,,2152.4308761570323,0.3033
Alkaline electrolyzer medium size,,,,0.0,,2.3,,,0.3033,,,,,,,,,,,,,,0.07,,,,1.0,,,,,,,1.416,,0.0,,,,,,642553.0,20.0,,,,,,,,,,,,,0.0,,,,2893.250609894483,0.3033
Alkaline electrolyzer small size,,,,0.0,,2.3,,,0.2455,,,,,,,,,,,,,,0.07,,,,1.0,,,,,,,1.41,,0.0,,,,,,740185.2999999999,20.0,,,,,,,,,,,,,0.0,,,,3332.8637025427174,0.2455
Ammonia cracker,,,,0.0,,4.3,,,0.0,1.46,,,,,,,,,,,,,0.07,,,,1.0,,,,,,,,,0.0,,,,,,704759.3279,25.0,,,,,,,,,,,,,0.0,,,,3481.9884646587057,0.0
BEV Bus city,,,,0.0,,0.0003,450.0,,0.1197,,,,,,,,,,,,,,0.07,,,,0.6107,,,,,,,,,0.0,,,,,,239610.8371,12.0,,,,,,,,,,,,,0.0,,,,1157.13642787325,0.1197
BEV Coach,,,,0.0,,0.0002,600.0,,0.1197,,,,,,,,,,,,,,0.07,,,,0.5852,,,,,,,,,0.0,,,,,,340876.3189,12.0,,,,,,,,,,,,,0.0,,,,1646.1579030841374,0.1197
BEV Truck Semi-Trailer max 50 tons,,,,0.0,,0.0004,900.0,,0.1197,,,,,,,,,,,,,,0.07,,,,1.0768,,,,,,,,,0.0,,,,,,190126.4629,10.5,,,,,,,,,,,,,0.0,,,,1003.7973384389131,0.1197
BEV Truck Solo max 26 tons,,,,0.0,,0.0004,500.0,,0.1197,,,,,,,,,,,,,,0.07,,,,0.6872,,,,,,,,,0.0,,,,,,198055.1412,13.8,,,,,,,,,,,,,0.0,,,,876.2293358007088,0.1197
BEV Truck Trailer max 56 tons,,,,0.0,,0.0003,1200.0,,0.1197,,,,,,,,,,,,,,0.07,,,,1.2019,,,,,,,,,0.0,,,,,,210883.6844,13.8,,,,,,,,,,,,,0.0,,,,932.9768850581287,0.1197
Battery electric (passenger cars),,,,0.0,,0.9,,,0.0,,,,,,,,,,,,,,0.07,,,,0.68,,,,,,,,,0.0,,,,,,29624.0605,15.0,,,,,,,,,,,,,0.0,,,,134.98221394258562,0.0
Battery electric (trucks),,,,0.0,,16.0,,,0.0,,,,,,,,,,,,,,0.07,,,,1.0,,,,,,,,,0.0,,,,,,162699.0974,15.0,,,,,,,,,,,,,0.0,,,,1683.656950441526,0.0
BioSNG,,0.378,0.622,0.0,0.2281,1.6067,,,2.1393,,,,,0.9,,,,,,,,,0.07,,,,0.7,,,,,,,,,0.0,,,,,,2005574.4,25.0,,,,,,,,,,,,,0.0,,,,7837.044292127576,2.1393
BtL,,0.3156,0.6844,0.0,0.251,3.0,,,1.4207,,,,,0.9,,,,,,,,,0.07,,,,0.45,,,,,,,,,0.0,,,,,,2619090.8,25.0,,,,,,,,,,,,,0.0,,,,11634.125048609358,1.4207
CCGT,,,,0.198,,3.25,,,5.3432,,2.2,0.15,,,,,,,,,,,0.07,,,,0.6,,,,,,,,,22.7578,,,,,,1068642.5,25.0,,,,,,,,,,,,,0.0,,,,4849.433031741896,43.27286666666667
CH4 (g) fill compressor station,,,,0.0,,1.7,,,0.0,,,,,,,,,,,,,,0.07,,,,1.0,,,,,,,,,0.0,,,,,,2080.8385,20.0,,,,,,,,,,,,,0.0,,,,8.890601751229877,0.0
CH4 (g) pipeline,,,,0.0,,1.5,,,0.0,,,,,,,,,,,,,,0.07,,,,1.0,,,,,,,0.01,,0.0,,,,,,109.6647,50.0,,,,,,,,,,,,,0.0,,,,0.3678838746994164,0.0
CH4 (g) submarine pipeline,,,,0.0,,3.0,,,0.0,,,,,,,,,,,,,,0.07,,,,1.0,,,,,,,0.01,,0.0,,,,,,150.6153,30.0,,,,,,,,,,,,,0.0,,,,0.6388604404670107,0.0
CH4 (l) transport ship,,,,0.0,,3.5,,,0.0,,,,58300.0,,,,,,,,,,0.07,,,,1.0,,,,,,,,,0.0,,,,,,201706269.4992,25.0,,,,,,,,,,,,,0.0,,,,934672.1710353163,0.0
CH4 evaporation,,,,0.0,,3.5,,,0.0,,,,,,,,,,,,,,0.07,,,,1.0,,,,,,,,,0.0,,,,,,116034.2,30.0,,,,,,,,,,,,,0.0,,,,514.431950882317,0.0
CH4 liquefaction,,,,0.0,,3.5,,,0.0,,,,,,,,,,,,,,0.07,,,,1.0,,,,,,,0.036,,0.0,,,,,,307492.39999999997,25.0,,1.0,,,,,,,,,,,0.0,,,,1424.8669106737893,0.0
CO2 liquefaction,,,,0.0,,5.0,,,0.0,,,,,,,1.0,,,,,,,0.07,,,,1.0,,,,,,,0.123,,0.0,,,0.0067,,,21.2764,25.0,,,,,,,,,,,,,0.0,,,,0.11083239572688433,0.0
CO2 pipeline,,,,0.0,,0.9,,,0.0,,,,,,,,,,,,,,0.07,,,,1.0,,,,,,,,,0.0,,,,,,2671.6062,50.0,,,,,,,,,,,,,0.0,,,,8.347399855164829,0.0
CO2 storage tank,,,,0.0,,1.0,,,0.0,,,,,,,,,,,,,,0.07,,,,1.0,,,,,,,,,0.0,,,,,,3268.743,25.0,,,,,,,,,,,,,0.0,,,,12.012381931178142,0.0
CO2 submarine pipeline,,,,0.0,,0.5,,,0.0,,,,,,,,,,,,,,0.07,,,,1.0,,,,,,,,,0.0,,,,,,5343.2124,25.0,,,,,,,,,,,,,0.0,,,,18.61117354327188,0.0
Charging infrastructure fast (purely) battery electric vehicles passenger cars,,,,0.0,,1.6,,,0.0,,,,,,,,,,,,,,0.07,,,,1.0,,,,,,,,,0.0,,,,,,564409.9584,30.0,,,,,,,,,,,,,0.0,,,,2090.9605255560723,0.0
Charging infrastructure fuel cell vehicles passenger cars,,,,0.0,,2.2,,,0.0,,,,,,,,,,,,,,0.07,,,,1.0,,,,,,,,,0.0,,,,,,2248566.9073,30.0,,,,,,,,,,,,,0.0,,,,8847.708189140078,0.0
Charging infrastructure fuel cell vehicles trucks,,,,0.0,,2.2,,,0.0,,,,,,,,,,,,,,0.07,,,,1.0,,,,,,,,,0.0,,,,,,2247980.9894,30.0,,,,,,,,,,,,,0.0,,,,8845.402707108316,0.0
Charging infrastructure slow (purely) battery electric vehicles passenger cars,,,,0.0,,1.8,,,0.0,,,,,,,,,,,,,,0.07,,,,1.0,,,,,,,,,0.0,,,,,,1263.6213,30.0,,,,,,,,,,,,,0.0,,,,4.778252907228736,0.0
Compressed-Air-Adiabatic-bicharger,,,,0.0,,0.9265,,,0.0,,,,,,,,,,,,,,0.07,,,,0.7211,,,,,,,,,0.0,,,,,,1189666.0381,60.0,,,,,,,,,,,,,0.0,,,,3673.0341062123443,0.0
Compressed-Air-Adiabatic-store,,,,0.0,,0.43,,,0.0,,,,,,,,,,,,,,0.07,,,,1.0,,,,,,,,,0.0,,,,,,6850.9515,60.0,,,,,,,,,,,,,0.0,,,,19.84728452127329,0.0
Concrete-charger,,,,0.0,,1.075,,,0.0,,,,,,,,,,,,,,0.07,,,,0.99,,,,,,,,,0.0,,,,,,181297.9281,35.0,,,,,,,,,,,,,0.0,,,,611.8310527824001,0.0
Concrete-discharger,,,,0.0,,0.2688,,,0.0,,,,,,,,,,,,,,0.07,,,,0.4343,,,,,,,,,0.0,,,,,,725191.7123,35.0,,,,,,,,,,,,,0.0,,,,2223.0750650828772,0.0
Concrete-store,,,,0.0,,0.3308,,,0.0,,,,,,,,,,,,,,0.07,,,,1.0,,,,,,,,,0.0,,,,,,30231.6454,35.0,,,,,,,,,,,,,0.0,,,,93.39403697264889,0.0
"Container feeder, ammonia",,,,0.0,,0.0,,,0.0,,,,,,,,,,,,,,0.07,,,,0.7754,,,,,,,,,0.0,,,,,,43964228.25,30.0,,,,,,,,,,,,,0.0,,,,135892.78501185565,0.0
"Container feeder, diesel",,,,0.0,,0.0,,,0.0,,,,,,,,,,,,,,0.07,,,,0.7718,,,,,,,,,0.0,,,,,,43964228.25,30.0,,,,,,,,,,,,,0.0,,,,135892.78501185565,0.0
"Container feeder, methanol",,,,0.0,,0.0,,,0.0,,,,,,,,,,,,,,0.07,,,,0.7711,,,,,,,,,0.0,,,,,,43964228.25,30.0,,,,,,,,,,,,,0.0,,,,135892.78501185565,0.0
"Container, ammonia",,,,0.0,,0.0,,,0.0,,,,,,,,,,,,,,0.07,,,,1.7094,,,,,,,,,0.0,,,,,,150443790.75,32.0,,,,,,,,,,,,,0.0,,,,456286.04971259105,0.0
"Container, diesel",,,,0.0,,0.0,,,0.0,,,,,,,,,,,,,,0.07,,,,1.6399,,,,,,,,,0.0,,,,,,150443790.75,33.0,,,,,,,,,,,,,0.0,,,,452449.56682747375,0.0
"Container, methanol",,,,0.0,,0.0,,,0.0,,,,,,,,,,,,,,0.07,,,,1.7001,,,,,,,,,0.0,,,,,,150443790.75,33.0,,,,,,,,,,,,,0.0,,,,452449.56682747375,0.0
Diesel Bus city,,,,0.0,,0.0004,250.0,,0.1343,,,,,,,,,,,,,,0.07,,,,1.2975,,,,,,,,,0.0,,,,,,189551.0786,12.0,,,,,,,,,,,,,0.0,,,,915.3934885605995,0.1343
Diesel Coach,,,,0.0,,0.0003,350.0,,0.1343,,,,,,,,,,,,,,0.07,,,,1.4329,,,,,,,,,0.0,,,,,,290816.5604,12.0,,,,,,,,,,,,,0.0,,,,1404.4207680272793,0.1343
Diesel Truck Semi-Trailer max 50 tons,,,,0.0,,0.0005,380.0,,0.1343,,,,,,,,,,,,,,0.07,,,,2.7275,,,,,,,,,0.0,,,,,,178556.7447,10.5,,,,,,,,,,,,,0.0,,,,942.7203582565638,0.1343
Diesel Truck Solo max 26 tons,,,,0.0,,0.0004,330.0,,0.1343,,,,,,,,,,,,,,0.07,,,,1.4992,,,,,,,,,0.0,,,,,,195445.2368,13.8,,,,,,,,,,,,,0.0,,,,864.6826787179419,0.1343
Diesel Truck Trailer max 56 tons,,,,0.0,,0.0004,382.3529,,0.1343,,,,,,,,,,,,,,0.07,,,,2.5876,,,,,,,,,0.0,,,,,,223195.9309,13.8,,,,,,,,,,,,,0.0,,,,987.4564280481696,0.1343
FCV Bus city,,,,0.0,,0.0003,450.0,,0.1231,,,,,,,,,,,,,,0.07,,,,1.1664,,,,,,,,,0.0,,,,,,239610.8371,12.0,,,,,,,,,,,,,0.0,,,,1157.13642787325,0.1231
FCV Coach,,,,0.0,,0.0002,450.0,,0.1197,,,,,,,,,,,,,,0.07,,,,1.1348,,,,,,,,,0.0,,,,,,448667.4956,12.0,,,,,,,,,,,,,0.0,,,,2166.702416061873,0.1197
FCV Truck Semi-Trailer max 50 tons,,,,0.0,,0.0004,600.0,,0.1197,,,,,,,,,,,,,,0.07,,,,2.0908,,,,,,,,,0.0,,,,,,175787.9248,10.5,,,,,,,,,,,,,0.0,,,,928.0951654623129,0.1197
FCV Truck Solo max 26 tons,,,,0.0,,0.0003,450.0,,0.1197,,,,,,,,,,,,,,0.07,,,,1.3586,,,,,,,,,0.0,,,,,,216564.9047,13.8,,,,,,,,,,,,,0.0,,,,958.1113435815734,0.1197
FCV Truck Trailer max 56 tons,,,,0.0,,0.0003,450.0,,0.1197,,,,,,,,,,,,,,0.07,,,,2.3109,,,,,,,,,0.0,,,,,,244315.5988,13.8,,,,,,,,,,,,,0.0,,,,1080.8840285016165,0.1197
FT fuel transport ship,,,,0.0,,5.0,,,0.0,,,,75000.0,,,,,,,,,,0.07,,,,1.0,,,,,,,,,0.0,,,,,,44006711.0399,15.0,,,,,,,,,,,,,0.0,,,,269721.9239705491,0.0
Fischer-Tropsch,,,,0.0,,6.5778,,,2.8078,,,,,0.9,,0.276,,,,,,,0.07,,,,0.754,,,,0.15,,,0.007,,0.0,,,,,1.327,1203344.7000000002,25.0,,,,,,,,,,,,,0.0,,,,6996.672172320148,2.8078
Gasnetz,,,,0.0,,2.5,,,0.0,,,,,,,,,,,,,,0.07,,,,1.0,,,,,,,,,0.0,,,,,,35205.399999999994,30.0,,,,,,,,,,,,,0.0,,,,142.5779780339206,0.0
General liquid hydrocarbon storage (crude),,,,0.0,,6.25,,,0.0,,,,,,,,,,,,,,0.07,,,,1.0,,,,,,,,,0.0,,,,,,174.7634,30.0,,,,,,,,,,,,,0.0,,,,0.9591444635595402,0.0
General liquid hydrocarbon storage (product),,,,0.0,,6.25,,,0.0,,,,,,,,,,,,,,0.07,,,,1.0,,,,,,,,,0.0,,,,,,218.4543,30.0,,,,,,,,,,,,,0.0,,,,1.198930853861706,0.0
Gravity-Brick-bicharger,,,,0.0,,1.5,,,0.0,,,,,,,,,,,,,,0.07,,,,0.9274,,,,,,,,,0.0,,,,,,522511.1911,41.7,,,,,,,,,,,,,0.0,,,,1792.322454296086,0.0
Gravity-Brick-store,,,,0.0,,0.0,,,0.0,,,,,,,,,,,,,,0.07,,,,1.0,,,,,,,,,0.0,,,,,,197881.4914,41.7,,,,,,,,,,,,,0.0,,,,564.9251960337648,0.0
Gravity-Water-Aboveground-bicharger,,,,0.0,,1.5,,,0.0,,,,,,,,,,,,,,0.07,,,,0.9014,,,,,,,,,0.0,,,,,,459720.1467,60.0,,,,,,,,,,,,,0.0,,,,1520.4886869965715,0.0
Gravity-Water-Aboveground-store,,,,0.0,,0.0,,,0.0,,,,,,,,,,,,,,0.07,,,,1.0,,,,,,,,,0.0,,,,,,153086.8088,60.0,,,,,,,,,,,,,0.0,,,,418.2453905515339,0.0
Gravity-Water-Underground-bicharger,,,,0.0,,1.5,,,0.0,,,,,,,,,,,,,,0.07,,,,0.9014,,,,,,,,,0.0,,,,,,1138087.6802,60.0,,,,,,,,,,,,,0.0,,,,3764.136627415445,0.0
Gravity-Water-Underground-store,,,,0.0,,0.0,,,0.0,,,,,,,,,,,,,,0.07,,,,1.0,,,,,,,,,0.0,,,,,,120682.1448,60.0,,,,,,,,,,,,,0.0,,,,329.71325994792545,0.0
H2 (g) fill compressor station,,,,0.0,,1.7,,,0.0,,,,,,,,,,,,,,0.07,,,,1.0,,,,,,,,,0.0,,,,,,5981.7263,20.0,,,,,,,,,,,,,0.0,,,,25.55755591707757,0.0
H2 (g) pipeline,,,,0.0,,1.5,,,0.0,,,,,,,,,,,,,,0.07,,,,1.0,,,,,,,0.017,,0.0,,,,,,381.8331,50.0,,,,,,,,,,,,,0.0,,,,1.2809066209681852,0.0
H2 (g) pipeline repurposed,,,,0.0,,1.5,,,0.0,,,,,,,,,,,,,,0.07,,,,1.0,,,,,,,0.017,,0.0,,,,,,162.7849,50.0,,,,,,,,,,,,,0.0,,,,0.5460821919410442,0.0
H2 (g) submarine pipeline,,,,0.0,,3.0,,,0.0,,,,,,,,,,,,,,0.07,,,,1.0,,,,,,,0.017,,0.0,,,,,,573.491,30.0,,,,,,,,,,,,,0.0,,,,2.4325597257640257,0.0
H2 (g) submarine pipeline repurposed,,,,0.0,,3.0,,,0.0,,,,,,,,,,,,,,0.07,,,,1.0,,,,,,,0.017,,0.0,,,,,,201.3699,30.0,,,,,,,,,,,,,0.0,,,,0.8541447184369576,0.0
H2 (l) storage tank,,,,0.0,,2.0,,,0.0,,,,,,,,,,,,,,0.07,,,,1.0,,,,,,,,,0.0,,,,,,1001.9525,20.0,,,,,,,,,,,,,0.0,,,,4.3962407973445785,0.0
H2 (l) transport ship,,,,0.0,,4.0,,,0.0,,,,11000.0,,,,,,,,,,0.07,,,,1.0,,,,,,,,,0.0,,,,,,495059153.8494,20.0,,,,,,,,,,,,,0.0,,,,2551929.5162334787,0.0
H2 evaporation,,,,0.0,,2.5,,,0.0,,,,,,,,,,,,,,0.07,,,,1.0,,,,,,,,,0.0,,,,,,72732.1,20.0,,,,,,,,,,,,,0.0,,,,333.07335617072505,0.0
H2 liquefaction,,,,0.0,,2.5,,,0.0,,,,,,,,,,,,,,0.07,,,,1.0,,,,,,,0.203,,0.0,,,,,1.017,671373.3999999999,20.0,,,,,,,,,,,,,0.0,,,,3074.524062714408,0.0
H2 pipeline,,,,0.0,,3.0,,,0.0,,,,,,,,,,,,,,0.07,,,,1.0,,,,,,,,,0.0,,,,,,356.6594,40.0,,,,,,,,,,,,,0.0,,,,1.436534110993149,0.0
H2 production biomass gasification,,,,0.0,,5.0,,,0.6499,,,,,,,,,,,,,,0.07,,,,1.0,,,,,,,0.097,,0.0,,,,,,1863967.1,20.0,,,,,,,,,,,,,0.0,,1.804,,10323.318583053158,0.6499
H2 production biomass gasification CC,,,,0.0,,5.0,,,0.6644,,,,,,,,,,,,,,0.07,,,,1.0,,,,,,,0.143,,0.0,,,,,,1890830.4000000001,20.0,,,,,,,,,,,,,0.0,,1.804,,10472.097176887855,0.6644
H2 production coal gasification,,,,0.0,,6.4,,,0.6427,,,,,,,,,,1.62,,,,0.07,,,,1.0,,,,,,,0.02,,0.0,,,,,,506792.19999999995,20.0,,,,,,,,,,,,,0.0,,,,3078.937507468648,0.6427
H2 production coal gasification CC,,,,0.0,,6.2,,,0.1878,,,,,,,,,,1.62,,,,0.07,,,,1.0,,,,,,,0.023,,0.0,,,,,,524990.0,20.0,,,,,,,,,,,,,0.0,,,,3149.2222169954116,0.1878
H2 production heavy oil partial oxidation,,,,0.0,,5.0,,,0.2022,,,,,,,,,,,,,,0.07,,,,1.0,,,,,,,0.063,,0.0,,,,,,623633.2,25.0,,,,,,,1.3,,,,,,0.0,,,,3248.6116829361736,0.2022
H2 production natural gas steam reforming,,,,0.0,,4.9,,,260.0,,,,,,,,,,,,,,0.07,,,,1.0,,,,,,,0.02,,0.0,1.25,,,,,228627.0,20.0,,,,,,,,,,,,,0.0,,,,1257.4491015743738,260.0
H2 production natural gas steam reforming CC,,,,0.0,,6.0,,,101.1,,,,,,,,,,,,,,0.07,,,,1.0,,,,,,,0.039,,0.0,1.4,,,,,276287.69999999995,20.0,,,,,,,,,,,,,0.0,,,,1636.1537778034208,101.1
H2 production solid biomass steam reforming,,,,0.0,,4.0,,,0.9388,,,,,,,,,,,,,,0.07,,,,1.0,,,,,,,0.044,,0.0,,,,,,750006.3,20.0,,,,,,,,,,,,,0.0,,1.36,,3866.1303390691382,0.9388
HVAC overhead,,,,0.0,,1.5,,,0.0,,,,,,,,,,,,,,0.07,,,,1.0,,,,,,,,,0.0,,,,,,620.0,40.0,,,,,,,,,,,,,0.0,,,,2.140491302528596,0.0
HVAC submarine,,,,0.0,,2.5,,,0.0,,,,,,,,,,,,,,0.07,,,,1.0,,,,,,,,,0.0,,,,,,3750.0,40.0,,,,,,,,,,,,,0.0,,,,14.384876139354908,0.0
HVAC underground,,,,0.0,,2.5,,,0.0,,,,,,,,,,,,,,0.07,,,,1.0,,,,,,,,,0.0,,,,,,3750.0,40.0,,,,,,,,,,,,,0.0,,,,14.384876139354908,0.0
HVDC inverter pair,,,,0.0,,1.5,,,0.0,,,,,,,,,,,,,,0.07,,,,1.0,,,,,,,,,0.0,,,,,,540000.0,40.0,,,,,,,,,,,,,0.0,,,,1864.298876395874,0.0
HVDC overhead,,,,0.0,,1.5,,,0.0,,,,,,,,,,,,,,0.07,,,,1.0,,,,,,,,,0.0,,,,,,500.0,40.0,,,,,,,,,,,,,0.0,,,,1.7262026633295129,0.0
HVDC submarine,,,,0.0,,2.5,,,0.0,,,,,,,,,,,,,,0.07,,,,1.0,,,,,,,,,0.0,,,,,,2680.0,40.0,,,,,,,,,,,,,0.0,,,,10.280391480925642,0.0
HVDC underground,,,,0.0,,2.5,,,0.0,,,,,,,,,,,,,,0.07,,,,1.0,,,,,,,,,0.0,,,,,,3400.0,40.0,,,,,,,,,,,,,0.0,,,,13.042287699681784,0.0
Haber-Bosch,,,,0.0,,3.0,,,0.0284,,,,,,,,,,,,,,0.07,,,,1.0,,,,0.146,,,0.2473,,0.0,,,,,1.1484,1155636.9,30.0,,,,,,0.1597,,,,,,,0.0,,,,4901.8306835622325,0.0284
HighT-Molten-Salt-charger,,,,0.0,,1.075,,,0.0,,,,,,,,,,,,,,0.07,,,,0.99,,,,,,,,,0.0,,,,,,181297.9281,35.0,,,,,,,,,,,,,0.0,,,,611.8310527824001,0.0
HighT-Molten-Salt-discharger,,,,0.0,,0.2688,,,0.0,,,,,,,,,,,,,,0.07,,,,0.4444,,,,,,,,,0.0,,,,,,725191.7123,35.0,,,,,,,,,,,,,0.0,,,,2223.0750650828772,0.0
HighT-Molten-Salt-store,,,,0.0,,0.3308,,,0.0,,,,,,,,,,,,,,0.07,,,,1.0,,,,,,,,,0.0,,,,,,118324.6775,35.0,,,,,,,,,,,,,0.0,,,,365.53813591673565,0.0
Hydrogen fuel cell (passenger cars),,,,0.0,,1.2,,,0.0,,,,,,,,,,,,,,0.07,,,,0.48,,,,,,,,,0.0,,,,,,33797.1541,15.0,,,,,,,,,,,,,0.0,,,,157.88592820274565,0.0
Hydrogen fuel cell (trucks),,,,0.0,,12.2,,,0.0,,,,,,,,,,,,,,0.07,,,,0.56,,,,,,,,,0.0,,,,,,158059.5327,15.0,,,,,,,,,,,,,0.0,,,,1405.2682215796754,0.0
Hydrogen-charger,,,,0.0,,0.6345,,,0.0,,,,,,,,,,,,,,0.07,,,,0.6963,,,,,,,,,0.0,,,,,,436509.8856,30.0,,,,,,,,,,,,,0.0,,,,1455.4790082837155,0.0
Hydrogen-discharger,,,,0.0,,0.5812,,,0.0,,,,,,,,,,,,,,0.07,,,,0.4869,,,,,,,,,0.0,,,,,,476539.1764,30.0,,,,,,,,,,,,,0.0,,,,1579.2085937546221,0.0
Hydrogen-store,,,,0.0,,0.43,,,0.0,,,,,,,,,,,,,,0.07,,,,1.0,,,,,,,,,0.0,,,,,,6010.0,30.0,,,,,,,,,,,,,0.0,,,,19.568060250479164,0.0
LNG storage tank,,,,0.0,,2.0,,,0.0,,,,,,,,,,,,,,0.07,,,,1.0,,,,,,,,,0.0,,,,,,838.182,20.0,,,,,,,,,,,,,0.0,,,,3.6776692547799166,0.0
LOHC chemical,,,,0.0,,0.0,,,0.0,,,,,,,,,,,,,,0.07,,,,1.0,,,,,,,,,0.0,,,,,,3143.3365,20.0,,,,,,,,,,,,,0.0,,,,11.380608777062774,0.0
LOHC dehydrogenation,,,,0.0,,3.0,,,0.0,,,,,,,,,,,,,,0.07,,,,1.0,,,,,,,,,0.0,,,,,,67762.6606,20.0,,,,,,,,,,,,,0.0,,,,323.3116123685954,0.0
LOHC dehydrogenation (small scale),,,,0.0,,3.0,,,0.0,,,,,,,,,,,,,,0.07,,,,1.0,,,,,,,,,0.0,,,,,,1054903.7304,20.0,,,,,,,,,,,,,0.0,,,,5033.194135964462,0.0
LOHC hydrogenation,,,,0.0,,3.0,,,0.0,,,,,,,,,,,,,,0.07,,,,1.0,,,,,,,0.004,,0.0,,,,,1.867,68472.6582,20.0,0.944,,,,,,,,,,,,0.0,,,,326.69917812828214,0.0
LOHC loaded DBT storage,,,,0.0,,6.25,,,0.0,,,,,,,,,,,,,,0.07,,,,1.0,,,,,,,,,0.0,,,,,,192.0477,30.0,,,,,,,,,,,,,0.0,,,,1.0540049472277577,0.0
LOHC transport ship,,,,0.0,,5.0,,,0.0,,,,75000.0,,,,,,,,,,0.07,,,,1.0,,,,,,,,,0.0,,,,,,44006711.0399,15.0,,,,,,,,,,,,,0.0,,,,269721.9239705491,0.0
LOHC unloaded DBT storage,,,,0.0,,6.25,,,0.0,,,,,,,,,,,,,,0.07,,,,1.0,,,,,,,,,0.0,,,,,,170.1689,30.0,,,,,,,,,,,,,0.0,,,,0.9339287190854438,0.0
Lead-Acid-bicharger,,,,0.0,,2.4427,,,0.0,,,,,,,,,,,,,,0.07,,,,0.8832,,,,,,,,,0.0,,,,,,162012.1073,12.0,,,,,,,,,,,,,0.0,,,,934.1688420928416,0.0
Lead-Acid-store,,,,0.0,,0.2542,,,0.0,,,,,,,,,,,,,,0.07,,,,1.0,,,,,,,,,0.0,,,,,,403140.9306,12.0,,,,,,,,,,,,,0.0,,,,1986.1216647371255,0.0
Liquid fuels ICE (passenger cars),,,,0.0,,1.6,,,0.0,,,,,,,,,,,,,,0.07,,,,0.215,,,,,,,,,0.0,,,,,,33797.1541,15.0,,,,,,,,,,,,,0.0,,,,163.07124499617032,0.0
Liquid fuels ICE (trucks),,,,0.0,,15.5,,,0.0,,,,,,,,,,,,,,0.07,,,,0.373,,,,,,,,,0.0,,,,,,146355.0049,15.0,,,,,,,,,,,,,0.0,,,,1486.4555077768011,0.0
Liquid-Air-charger,,,,0.0,,0.366,,,0.0,,,,,,,,,,,,,,0.07,,,,0.99,,,,,,,,,0.0,,,,,,598140.7616,35.0,,,,,,,,,,,,,0.0,,,,1855.900396893486,0.0
Liquid-Air-discharger,,,,0.0,,0.5212,,,0.0,,,,,,,,,,,,,,0.07,,,,0.55,,,,,,,,,0.0,,,,,,419971.173,35.0,,,,,,,,,,,,,0.0,,,,1328.0793681113307,0.0
Liquid-Air-store,,,,0.0,,0.3208,,,0.0,,,,,,,,,,,,,,0.07,,,,1.0,,,,,,,,,0.0,,,,,,199922.2004,35.0,,,,,,,,,,,,,0.0,,,,616.8489591376284,0.0
Lithium-Ion-LFP-bicharger,,,,0.0,,2.1198,,,0.0,,,,,,,,,,,,,,0.07,,,,0.9193,,,,,,,,,0.0,,,,,,102540.0181,16.0,,,,,,,,,,,,,0.0,,,,499.71517218023615,0.0
Lithium-Ion-LFP-store,,,,0.0,,0.0447,,,0.0,,,,,,,,,,,,,,0.07,,,,1.0,,,,,,,,,0.0,,,,,,297338.0207,16.0,,,,,,,,,,,,,0.0,,,,1212.3775058790272,0.0
Lithium-Ion-NMC-bicharger,,,,0.0,,2.1198,,,0.0,,,,,,,,,,,,,,0.07,,,,0.9193,,,,,,,,,0.0,,,,,,102540.0181,13.0,,,,,,,,,,,,,0.0,,,,553.9644058125576,0.0
Lithium-Ion-NMC-store,,,,0.0,,0.038,,,0.0,,,,,,,,,,,,,,0.07,,,,1.0,,,,,,,,,0.0,,,,,,338948.3003,13.0,,,,,,,,,,,,,0.0,,,,1560.4918559751377,0.0
LowT-Molten-Salt-charger,,,,0.0,,1.075,,,0.0,,,,,,,,,,,,,,0.07,,,,0.99,,,,,,,,,0.0,,,,,,181297.9281,35.0,,,,,,,,,,,,,0.0,,,,611.8310527824001,0.0
LowT-Molten-Salt-discharger,,,,0.0,,0.2688,,,0.0,,,,,,,,,,,,,,0.07,,,,0.5394,,,,,,,,,0.0,,,,,,725191.7123,35.0,,,,,,,,,,,,,0.0,,,,2223.0750650828772,0.0
LowT-Molten-Salt-store,,,,0.0,,0.3308,,,0.0,,,,,,,,,,,,,,0.07,,,,1.0,,,,,,,,,0.0,,,,,,72977.2095,35.0,,,,,,,,,,,,,0.0,,,,225.44708076669036,0.0
MeOH transport ship,,,,0.0,,5.0,,,0.0,,,,75000.0,,,,,,,,,,0.07,,,,1.0,,,,,,,,,0.0,,,,,,44006711.0399,15.0,,,,,,,,,,,,,0.0,,,,269721.9239705491,0.0
Methanol steam reforming,,,,0.0,,4.0,,,0.0,,,,,,,,,,,,,,0.07,,,,1.0,,,,,,,,,0.0,,,,,,22653.2297,20.0,,,1.201,,,,,,,,,,0.0,,,,116.77280393654301,0.0
NH3 (l) storage tank incl. liquefaction,,,,0.0,,2.0,,,0.0,,,,,,,,,,,,,,0.07,,,,1.0,,,,,,,,,0.0,,,,,,211.8256,20.0,,,,,,,,,,,,,0.0,,,,0.9294216488725702,0.0
NH3 (l) transport ship,,,,0.0,,4.0,,,0.0,,,,53000.0,,,,,,,,,,0.07,,,,1.0,,,,,,,,,0.0,,,,,,102050557.0339,20.0,,,,,,,,,,,,,0.0,,,,526049.920737554,0.0
Ni-Zn-bicharger,,,,0.0,,2.1198,,,0.0,,,,,,,,,,,,,,0.07,,,,0.9,,,,,,,,,0.0,,,,,,102540.0181,15.0,,,,,,,,,,,,,0.0,,,,515.1994671487889,0.0
Ni-Zn-store,,,,0.0,,0.2262,,,0.0,,,,,,,,,,,,,,0.07,,,,1.0,,,,,,,,,0.0,,,,,,336761.8265,15.0,,,,,,,,,,,,,0.0,,,,1447.423316384393,0.0
OCGT,,,,0.198,,1.8023,,,6.0111,,,,,,,,,,,,,,0.07,,,,0.43,,,,,,,,,22.7578,,,,,,550137.2,25.0,,,,,,,,,,,,,0.0,,,,2191.0069206000067,58.93621627906977
PEM electrolyzer small size,,,,0.0,,3.0,,,0.0,,,,,,,,,,,,,,0.07,,,,1.0,,,,,,,1.25,,0.0,,,,,,1372050.8,9.0,,,,,,,,,,,,,0.0,,,,9656.270175332518,0.0
PHS,,,,0.0,,1.0,,,0.0,,,,,,,,,,,,,,0.07,,,,0.75,,,,,,,,,0.0,,,,,,2888527.9,80.0,,,,,,,,,,,,,0.0,,,,8898.169586079506,0.0
Pumped-Heat-charger,,,,0.0,,0.366,,,0.0,,,,,,,,,,,,,,0.07,,,,0.99,,,,,,,,,0.0,,,,,,957815.7129,33.0,,,,,,,,,,,,,0.0,,,,3015.0278195141045,0.0
Pumped-Heat-discharger,,,,0.0,,0.5212,,,0.0,,,,,,,,,,,,,,0.07,,,,0.63,,,,,,,,,0.0,,,,,,672508.9048,33.0,,,,,,,,,,,,,0.0,,,,2156.968052442829,0.0
Pumped-Heat-store,,,,0.0,,0.1528,,,0.0,,,,,,,,,,,,,,0.07,,,,1.0,,,,,,,,,0.0,,,,,,14518.1865,33.0,,,,,,,,,,,,,0.0,,,,44.51335301408502,0.0
Pumped-Storage-Hydro-bicharger,,,,0.0,,0.9951,,,0.0,,,,,,,,,,,,,,0.07,,,,0.8944,,,,,,,,,0.0,,,,,,1756657.9565,60.0,,,,,,,,,,,,,0.0,,,,5469.814921893226,0.0
Pumped-Storage-Hydro-store,,,,0.0,,0.43,,,0.0,,,,,,,,,,,,,,0.07,,,,1.0,,,,,,,,,0.0,,,,,,71761.1936,60.0,,,,,,,,,,,,,0.0,,,,207.89299515043655,0.0
SMR,,,,0.0,,5.0,,,0.0,,,,,,,,,,,,,,0.07,,,,0.76,,,,,,,,,0.0,,,,,,659179.2942,30.0,,,,,,,,,,,,,0.0,,,,3301.693003232848,0.0
SMR CC,,,,0.0,,5.0,,,0.0,,,,,,0.9,,,,,,,,0.07,,,,0.69,,,,,,,,,0.0,,,,,,764647.9813,30.0,,,,,,,,,,,,,0.0,,,,3829.9638838903493,0.0
SOEC,,,,0.0,,4.0,,,0.0,,,,,,,,,,,,,,0.07,,,,1.0,,,,,,,1.11,,0.0,,,,,,2552337.7,30.0,,,,,,,,,,,,,0.0,,,,11805.153789160277,0.0
Sand-charger,,,,0.0,,1.075,,,0.0,,,,,,,,,,,,,,0.07,,,,0.99,,,,,,,,,0.0,,,,,,181297.9281,35.0,,,,,,,,,,,,,0.0,,,,611.8310527824001,0.0
Sand-discharger,,,,0.0,,0.2688,,,0.0,,,,,,,,,,,,,,0.07,,,,0.53,,,,,,,,,0.0,,,,,,725191.7123,35.0,,,,,,,,,,,,,0.0,,,,2223.0750650828772,0.0
Sand-store,,,,0.0,,0.3308,,,0.0,,,,,,,,,,,,,,0.07,,,,1.0,,,,,,,,,0.0,,,,,,8425.2126,35.0,,,,,,,,,,,,,0.0,,,,26.027846207366114,0.0
Steam methane reforming,,,,0.0,,3.0,,,0.0,,,,,,,,,,,,,,0.07,,,,1.0,,,,,,,,,0.0,,,,,,627941.6326,30.0,,1.483,,,,,,,,,,,0.0,,,,2663.5213553364756,0.0
"Tank&bulk, diesel",,,,0.0,,0.0,,,0.0,,,,,,,,,,,,,,0.07,,,,0.462,,,,,,,,,0.0,,,,,,44169300.0,25.0,,,,,,,,,,,,,0.0,,,,145377.16902971626,0.0
"Tank&bulk, methanol",,,,0.0,,0.0,,,0.0,,,,,,,,,,,,,,0.07,,,,0.4695,,,,,,,,,0.0,,,,,,44169300.0,25.0,,,,,,,,,,,,,0.0,,,,145377.16902971626,0.0
"Tankbulk, ammonia",,,,0.0,,0.0,,,0.0,,,,,,,,,,,,,,0.07,,,,0.471,,,,,,,,,0.0,,,,,,44169300.0,25.0,,,,,,,,,,,,,0.0,,,,145377.16902971626,0.0
Vanadium-Redox-Flow-bicharger,,,,0.0,,2.4395,,,0.0,,,,,,,,,,,,,,0.07,,,,0.8062,,,,,,,,,0.0,,,,,,162225.1483,12.0,,,,,,,,,,,,,0.0,,,,935.1981310423494,0.0
Vanadium-Redox-Flow-store,,,,0.0,,0.2345,,,0.0,,,,,,,,,,,,,,0.07,,,,1.0,,,,,,,,,0.0,,,,,,324483.9347,12.0,,,,,,,,,,,,,0.0,,,,1596.1567805230195,0.0
Zn-Air-bicharger,,,,0.0,,2.4395,,,0.0,,,,,,,,,,,,,,0.07,,,,0.7937,,,,,,,,,0.0,,,,,,162225.1483,25.0,,,,,,,,,,,,,0.0,,,,685.7355869709851,0.0
Zn-Air-store,,,,0.0,,0.1654,,,0.0,,,,,,,,,,,,,,0.07,,,,1.0,,,,,,,,,0.0,,,,,,219264.0846,25.0,,,,,,,,,,,,,0.0,,,,735.5878965676234,0.0
Zn-Br-Flow-bicharger,,,,0.0,,2.1198,,,0.0,,,,,,,,,,,,,,0.07,,,,0.8307,,,,,,,,,0.0,,,,,,102540.0181,10.0,,,,,,,,,,,,,0.0,,,,643.3492880693918,0.0
Zn-Br-Flow-store,,,,0.0,,0.2576,,,0.0,,,,,,,,,,,,,,0.07,,,,1.0,,,,,,,,,0.0,,,,,,518407.3478,10.0,,,,,,,,,,,,,0.0,,,,2882.2724729999572,0.0
Zn-Br-Nonflow-bicharger,,,,0.0,,2.4395,,,0.0,,,,,,,,,,,,,,0.07,,,,0.8888,,,,,,,,,0.0,,,,,,162225.1483,15.0,,,,,,,,,,,,,0.0,,,,834.972725326547,0.0
Zn-Br-Nonflow-store,,,,0.0,,0.2244,,,0.0,,,,,,,,,,,,,,0.07,,,,1.0,,,,,,,,,0.0,,,,,,300780.3155,15.0,,,,,,,,,,,,,0.0,,,,1292.5648778097743,0.0
air separation unit,,,,0.0,,3.0,,,0.0,,,,,,,,,,,,,,0.07,,,,1.0,,,,,,,0.25,,0.0,,,,,,649585.8482,30.0,,,,,,,,,,,,,0.0,,,,2755.3289812003745,0.0
allam,,,,0.0,,0.0,,,2.5147,,,,,,,,,,,,,,0.07,,,,0.6,,,,,,,,,0.0,,,,,,1886001.9,30.0,,,,,,,,,,,,,0.0,,,,5829.604224399214,2.5147
ammonia carbon capture retrofit,,,,0.0,,5.0,,,0.0,,,,,,0.99,,,,,,,,0.07,,,,1.0,,,,,,,0.1,,0.0,,,,,,1169010.6551,20.0,,,,,,,,,,,,,0.0,,,,6474.400443860291,0.0
battery inverter,,,,0.0,,0.9,,,0.0,,,,,,,,,,,,,,0.07,,,,0.96,,,,,,,,,0.0,,,,,,80223.0,10.0,,,,,,,,,,,,,0.0,,,,465.7956263511322,0.0
battery storage,,,,0.0,,0.0,,,0.0,,,,,,,,,,,,,,0.07,,,,1.0,,,,,,,,,0.0,,,,,,100278.7,30.0,,,,,,,,,,,,,0.0,,,,309.95999162952137,0.0
biochar pyrolysis,,,,0.0,,3.4,,,1035.4112,,,,,,,,,,,,,,0.07,,,,1.0,0.404,,,0.4848,,,,,0.0,,,,,,161783003.39999998,25.0,,,,,,,,,,,,,0.0,,,0.0582,743469.2449537913,1035.4112
biodiesel crops,,,,0.0,,0.0,,,0.0,,,,,,,,,,,,,,0.07,,,,1.0,,,,,,,,,167.3978,,,,,,0.0,25.0,,,,,,,,,,,,,0.0,,,,0.0,167.3978
bioethanol crops,,,,0.1289,,0.0,,,0.0,,,,,,,,,,,,,,0.07,,,,1.0,,,,,,,,,114.0904,,,,,,0.0,25.0,,,,,,,,,,,,,0.0,,,,0.0,114.0904
biogas,,,,0.0,0.1447,7.7769,,,0.0,,,,,0.9,,,,,,,,,0.07,,,,1.0,,,,,,,,,78.8124,,,,,,1090553.2,20.0,,,,,,,,,,,,,0.0,,,,7201.436565820762,78.8124
biogas CC,,,,0.0,0.1447,7.7769,,,0.0,,,,,0.9,,,,,,,,,0.07,,,,1.0,,,,,,,,,0.0,,,,,,1090553.2,20.0,,,,,,,,,,,,,0.0,,,,7201.436565820762,0.0
biogas manure,,,,0.0,,0.0,,,0.0,,,,,,,,,,,,,,0.07,,,,1.0,,,,,,,,,25.333,,,,,,0.0,25.0,,,,,,,,,,,,,0.0,,,,0.0,25.333
biogas plus hydrogen,,,,0.0,,4.0,,,2.888,,,,,,,,,,,,,,0.07,,,,1.0,,,,,,,,,0.0,,,,,,606485.7,25.0,,,,,,,,,,,,,0.0,,,,2926.662779329107,2.888
biogas upgrading,,,,0.0,,17.0397,,,3.394,,,,,,,,,,,,,,0.07,,,,1.0,,,,,,,,,0.0,,,,,,157386.1,20.0,,,,,,,,,,,,,0.0,,,,1598.4645267076398,3.394
biomass,,,,0.0,,4.5269,,,0.0,,,,,,,,,,,,,,0.07,,,,0.468,,,,,,,,,9.3506,,,,,,2950789.1,30.0,,,,,,,,,,,,,0.0,,,,14244.434356146961,19.979914529914527
biomass CHP,,,,0.0,,3.5368,,,2.8049,,0.4564,1.0,,,,,,,,,,,0.07,,,,0.3003,,,,0.7083,,,,,0.0,,,,,,3890182.4000000004,25.0,,,,,,,,,,,,,0.0,,,,18081.346546024724,2.8049
biomass CHP capture,,,,0.0,,3.0,,,0.0,,,,,,0.95,,,,,,0.075,0.13,0.07,,,,1.0,,,,,,,0.02,,0.0,,,0.66,0.66,,2514669.2023,25.0,,,,,,,,,,,,,0.0,,,,11170.27937918187,0.0
biomass EOP,,,,0.0,,3.5368,,,2.8049,,0.4564,1.0,,,,,,,,,,,0.07,,,,0.3003,,,,0.7083,,,,,0.0,,,,,,3890182.4000000004,25.0,,,,,,,,,,,,,0.0,,,,18081.346546024724,2.8049
biomass HOP,,,,0.0,,5.6957,,,4.1663,,,,,,,,,,,,,,0.07,,,,0.03,,,,,,,,,0.0,,,,,,1006128.9,25.0,,,,,,,,,,,,,0.0,,,,5509.576303554605,4.1663
biomass boiler,,,,0.0,,7.5412,,,0.0,,,,,,,,,,,,,,0.07,,,,0.88,,,,,,,,,0.0,,,,,,784600.0,20.0,,,,,,,,,,9.0,,,0.0,,,,5110.151305025254,0.0
biomass-to-methanol,,0.44,0.56,0.0,0.2053,2.6667,,,18.1877,,,,,0.9,,,,,,,,,0.07,,,,0.65,,,0.02,0.22,,,,,0.0,,,,,,1952847.5,20.0,,,,,,,,,,,,,0.0,,,,9067.841169125026,18.1877
blast furnace-basic oxygen furnace,,,,0.0,,14.18,,,0.0,,,,,,,,,,5.34,,,,0.07,,,20.0,1.0,,,,,,,,,0.0,,,,,,9602774.8268,40.0,,,,,,,,1.539,,,0.051,,0.0,,,,79856.3582847662,0.0
cement capture,,,,0.0,,3.0,,,0.0,,,,,,0.95,,,,,,0.075,0.13,0.07,,,,1.0,,,,,,,0.018,,0.0,,,0.66,1.48,,2263202.2821,25.0,,,,,,,,,,,,,0.0,,,,10053.251441396944,0.0
cement carbon capture retrofit,,,,0.0,,7.0,,,0.0,,,,,,0.9,,,,,,,,0.07,,,,1.0,,,,,,,0.16,,0.0,0.76,,,,,3253638.9129,20.0,,,,,,,,,,,,,0.0,,,,20515.76187082826,0.0
cement dry clinker,,,,0.0,,4.0,,,6.679,,,,,,,,,,,,,,0.07,,,,1.0,,,,,,,0.0694,,0.0,0.0002,,0.9444,,,1462704.4046,30.0,,,,,,,,,,,,,0.0,,,,6765.347095090558,6.679
cement finishing,,,,0.0,,30.0,,,4.0074,,,,,,,,,0.656,,,,,0.07,,,,1.0,,,,,,,0.1736,,0.0,,,,,,117016.3524,25.0,,,,,,,,,,,,0.194,0.0,,,,1731.6327457481523,4.0074
central air-sourced heat pump,,,,0.0,,0.2336,,,3.5666,,,,,,,,,,,,,,0.07,,,,3.4,,,,,,,,,0.0,,,,,,1143777.1,25.0,,,,,,,,,,,,,0.0,,,,3867.067259683676,3.5666
central coal CHP,,,,0.0,,1.6316,,,3.6371,,1.01,0.15,,,,,,,,,,,0.07,,,,0.535,,,,,,,,,0.0,,,,,,2382905.0,25.0,,,,,,,,,,,,,0.0,,,,9334.271340405321,3.6371
central excess-heat-sourced heat pump,,,,0.0,,0.3504,,,2.2575,,,,,,,,,,,,,,0.07,,,,5.5,,,,,,,,,0.0,,,,,,762518.0,25.0,,,,,,,,,,,,,0.0,,,,2612.20542079163,2.2575
central gas CHP,,,,0.0,,3.4615,,,5.3432,,1.0,0.17,,,,,,,,,,,0.07,,,,0.43,,,,,,,,,0.0,,,,,,694617.6000000001,25.0,,,,,,,,,1.0,,,,0.0,,,,3208.4810205700933,5.3432
central gas CHP CC,,,,0.0,,3.4615,,,5.3432,,1.0,,,,,,,,,,,,0.07,,,,0.43,,,,,,,,,0.0,,,,,,694617.6000000001,25.0,,,,,,,,,,,,,0.0,,,,3208.4810205700933,5.3432
central gas boiler,,,,0.0,,3.4,,,1.3358,,,,,,,,,,,,,,0.07,,,,1.04,,,,,,,,,0.0,,,,,,66790.2,25.0,,,,,,,,,,,,,0.0,,,,306.932486854257,1.3358
central geothermal heat source,,,,0.0,,0.8477,,,5.8023,,,,,,,,,,,,,,0.07,,,,1.0,,,,,,,,,0.0,,,,,,3324848.8000000003,30.0,,,,,,,,,,,,,0.0,,,,11358.117545286777,5.8023
central ground-sourced heat pump,,,,0.0,,0.4378,,,1.9081,,,,,,,,,,,,,,0.07,,,,1.75,,,,,,,,,0.0,,,,,,610248.2999999999,25.0,,,,,,,,,,,,,0.0,,,,2111.023151748073,1.9081
central hydrogen CHP,,,,0.0,,5.0,,,0.0,,1.25,,,,,,,,,,,,0.07,,,,0.5,,,,,,,,,0.0,,,,,,1068642.5,10.0,,,,,,,,,,,,,0.0,,,,7885.366729908464,0.0
central resistive heater,,,,0.0,,1.5333,,,1.3358,,,,,,,,,,,,,,0.07,,,,0.99,,,,,,,,,0.0,,,,,,80148.2,20.0,,,,,,,,,,,,,0.0,,,,337.31697584432453,1.3358
central solar thermal,,,,0.0,,1.4,,,0.0,,,,,,,,,,,,,,0.07,,,,1.0,,,,,,,,,0.0,,,,,,187012.4353,20.0,,,,,,,,,,,,,0.0,,,,777.5110963713323,0.0
central solid biomass CHP,,,,0.0,,2.8518,,,6.235,,0.3423,1.0,,,,,,,,,,,0.07,,,,0.2652,,,,0.8294,,,,,0.0,,,,,,4215728.5,25.0,,,,,,,,,1.0,,,,0.0,,,,18486.82695270852,6.235
central solid biomass CHP CC,,,,0.0,,2.8518,,,6.235,,0.3423,1.0,,,,,,,,,,,0.07,,,,0.2652,,,,0.8294,,,,,0.0,,,,,,6003161.0,25.0,,,,,,,,,,,,,0.0,,,,26325.082029416426,6.235
central solid biomass CHP powerboost CC,,,,0.0,,2.8518,,,6.235,,0.3423,1.0,,,,,,,,,,,0.07,,,,0.2652,,,,0.8294,,,,,0.0,,,,,,4215728.5,25.0,,,,,,,,,,,,,0.0,,,,18486.82695270852,6.235
central water pit charger,,,,0.0,,0.0,,,0.0,,,,,,,,,,,,,,0.07,,,,1.0,,,,,,,,,0.0,,,,,,0.0,25.0,,,,,,,,,,,,,0.0,,,,0.0,0.025
central water pit discharger,,,,0.0,,0.0,,,0.0,,,,,,,,,,,,,,0.07,,,,1.0,,,,,,,,,0.0,,,,,,0.0,25.0,,,,,,,,,,,,,0.0,,,,0.0,0.0
central water pit storage,35.0,,,0.0,,0.2769,,90.0,0.0,,,,,,,,,,,,,,0.07,,,,1.0,,,,,,,,22.5,0.0,,,,,,1135.2,30.0,,,,,,,,,,,,,0.0078,,,,3.6294541285517474,0.0
central water tank charger,,,,0.0,,0.0,,,0.0,,,,,,,,,,,,,,0.07,,,,1.0,,,,,,,,,0.0,,,,,,0.0,25.0,,,,,,,,,,,,,0.0,,,,0.0,0.0
central water tank discharger,,,,0.0,,0.0,,,0.0,,,,,,,,,,,,,,0.07,,,,1.0,,,,,,,,,0.0,,,,,,0.0,25.0,,,,,,,,,,,,,0.0,,,,0.0,0.0
central water tank storage,,,,0.0,,1.0,,,0.0,,,,,,,,,,,,,,0.07,,,,1.0,,,,,,,,60.3448,0.0,,,,,,3817.4,40.0,,,,,,,,,,,,,0.0077,55.0,,,12.447107984399125,0.0
clean water tank storage,,,,0.0,,2.0,,,0.0,,,,,,,,,,,,,,0.07,,,,1.0,,,,,,,,,0.0,,,,,,87.4355,30.0,,,,,,,,,,,,,0.0,,,,0.33733565692805667,0.0
coal,,,,0.3361,,1.31,,,4.1005,,,,,,,,,,,,,,0.07,,,,0.356,,,,,,,,,6.7204,,,,,,4812024.4,40.0,,,,,,,,,,,,,0.0,,,,16262.374152655397,22.97802808988764
csp-tower,,,,0.0,,1.4,,,0.0,,,,,,,,,,,,,,0.07,,,,1.0,,,,,,,,,0.0,,,,,,124953.90000000001,30.0,,,,,,,,,,,,,0.0,,,,453.329205697585,0.0
csp-tower TES,,,,0.0,,1.4,,,0.0,,,,,,,,,,,,,,0.07,,,,1.0,,,,,,,,,0.0,,,,,,16747.699999999997,30.0,,,,,,,,,,,,,0.0,,,,60.76018066071921,0.0
csp-tower power block,,,,0.0,,1.4,,,0.0,,,,,,,,,,,,,,0.07,,,,1.0,,,,,,,,,0.0,,,,,,875356.3,30.0,,,,,,,,,,,,,0.0,,,,3175.767832627688,0.0
decentral CHP,,,,0.0,,3.0,,,0.0,,,,,,,,,,,,,,0.04,,,,1.0,,,,,,,,,0.0,,,,,,1870124.4,25.0,,,,,,,,,,,,,0.0,,,,6743.553197215808,0.0
decentral air-sourced heat pump,,,,0.0,,3.1413,,,0.0,,,,,,,,,,,,,,0.04,,,,3.8,,,,,,,,,0.0,,,,,,1015210.4,18.0,,,,,,,,,,,,,0.0,,,,4299.175714549918,0.0
decentral gas boiler,,,,0.0,,6.7293,,,0.0,,,,,,,,,,,,,,0.04,,,,0.99,,,,,,,,,0.0,,,,,,358674.3,20.0,,,,,,,,,,,,,0.0,,,,1938.0661218223017,0.0
decentral gas boiler connection,,,,0.0,,0.0,,,0.0,,,,,,,,,,,,,,0.07,,,,1.0,,,,,,,,,0.0,,,,,,224171.4,50.0,,,,,,,,,,,,,0.0,,,,623.0355145511367,0.0
decentral ground-sourced heat pump,,,,0.0,,1.9895,,,0.0,,,,,,,,,,,,,,0.04,,,,4.05,,,,,,,,,0.0,,,,,,1602963.7,20.0,,,,,,,,,,,,,0.0,,,,5747.281441070059,0.0
decentral oil boiler,,,,0.0,,2.0,,,0.0,,,,,,,,,,,,,,0.07,,,,0.9,,,,,,,,,0.0,,,,,,208404.1,20.0,,,,,,,,,,,,,0.0,,,,914.409222746467,0.0
decentral resistive heater,,,,0.0,,2.0,,,0.0,,,,,,,,,,,,,,0.04,,,,0.9,,,,,,,,,0.0,,,,,,133580.3,20.0,,,,,,,,,,,,,0.0,,,,479.47807114500483,0.0
decentral solar thermal,,,,0.0,,1.3,,,0.0,,,,,,,,,,,,,,0.04,,,,1.0,,,,,,,,,0.0,,,,,,360666.8395,20.0,,,,,,,,,,,,,0.0,,,,1197.754321894973,0.0
decentral water tank charger,,,,0.0,,0.0,,,0.0,,,,,,,,,,,,,,0.07,,,,1.0,,,,,,,,,0.0,,,,,,0.0,25.0,,,,,,,,,,,,,0.0,,,,0.0,0.0
decentral water tank discharger,,,,0.0,,0.0,,,0.0,,,,,,,,,,,,,,0.07,,,,1.0,,,,,,,,,0.0,,,,,,0.0,25.0,,,,,,,,,,,,,0.0,,,,0.0,0.0
decentral water tank storage,,,,0.0,,1.0,,,1.5451,,,,,,,,,,,,,,0.04,,,,1.0,,,,,,,,0.15,0.0,,,,,,527907.2999999999,30.0,,,,,,,,,,,,,2.1,30.0,,,1373.4577065571746,1.5451
digestible biomass,,,,0.0,,0.0,,,0.0,,,,,,,,,,,,,,0.07,,,,1.0,,,,,,,,,21.664,,,,,,0.0,25.0,,,,,,,,,,,,,0.0,,,,0.0,21.664
digestible biomass to hydrogen,,,,0.0,,4.25,,,0.0,,,,,0.9,,,,,,,,,0.07,,,,0.39,,,,,,,,,0.0,,,,,,3342847.3,25.0,,,,,,,,,,,,,0.0,,,,16451.820615720215,0.0
direct air capture,,,,0.0,,4.95,,,0.0,,,,,,,,,,,,0.15,0.2,0.07,,,,1.0,,,,,,,0.4,,0.0,,,1.6,0.75,,5029338.4046,20.0,,,,,,,,,,,,,0.0,,,,27757.827524031138,0.0
direct firing gas,,,,0.0,,1.0303,,,0.3545,,,,,,,,,,,,,,0.07,,,,1.0,,,,,,,,,0.0,,,,,,18992.0,15.0,,,,,,,,,,,,,0.0,,,,87.486348593154,0.3545
direct firing gas CC,,,,0.0,,1.0303,,,0.3545,,,,,,,,,,,,,,0.07,,,,1.0,,,,,,,,,0.0,,,,,,18992.0,15.0,,,,,,,,,,,,,0.0,,,,87.486348593154,0.3545
direct firing solid fuels,,,,0.0,,1.4091,,,0.4214,,,,,,,,,,,,,,0.07,,,,1.0,,,,,,,,,0.0,,,,,,278549.89999999997,15.0,,,,,,,,,,,,,0.0,,,,1323.6071156346309,0.4214
direct firing solid fuels CC,,,,0.0,,1.4091,,,0.4214,,,,,,,,,,,,,,0.07,,,,1.0,,,,,,,,,0.0,,,,,,278549.89999999997,15.0,,,,,,,,,,,,,0.0,,,,1323.6071156346309,0.4214
dry bulk carrier Capesize,,,,0.0,,4.0,,,0.0,,,,180000.0,,,,,,,,,,0.07,,,,1.0,,,,,,,,,0.0,,,,,,50293384.0456,25.0,,,,,,,,,,,,,0.0,,,,242696.20064044688,0.0
electric arc furnace,,,,0.0,,30.0,,,0.0,,,,,,,,,,,,,,0.07,,,20.0,1.0,,,,,,,0.6395,,0.0,,1.0,,,,2312992.7323,40.0,,,,,,,,,,,,,0.0,,,,33269.88432506956,0.0
electric arc furnace with hbi and scrap,,,,0.0,,30.0,,,0.0,,,,,,,,,,,,,,0.07,,,20.0,1.0,,,,,,,0.6395,,0.0,,0.37,,,,2312992.7323,40.0,,,,,,,,,,,0.71,,0.0,,,,33269.88432506956,0.0
electric boiler steam,,,,0.0,,1.3143,,,0.9876,,,,,,,,,,,,,,0.07,,,,0.99,,,,,,,,,0.0,,,,,,88629.5,25.0,,,,,,,,,,,,,0.0,,,,336.3912618167829,0.9876
electric steam cracker,,,,0.0,,3.0,,,240.4446,,,,,,,,0.55,,,,,,0.07,,,,1.0,,,,,,,2.7,,0.0,,,,,,14041962.2846,30.0,,,,,14.8,,,,,,,,0.0,,,,59561.37397834555,240.4446
electricity distribution grid,,,,0.0,,2.0,,,0.0,,,,,,,,,,,,,,0.07,,,,1.0,,,,,,,,,0.0,,,,,,667901.6,40.0,,,,,,,,,,,,,0.0,,,,2433.957759332305,0.0
electricity grid connection,,,,0.0,,2.0,,,0.0,,,,,,,,,,,,,,0.07,,,,1.0,,,,,,,,,0.0,,,,,,187012.40000000002,40.0,,,,,,,,,,,,,0.0,,,,681.5079976921104,0.0
electrobiofuels,,0.9316,,0.0,,3.0,,,0.0,,,,,0.9,,,,,,,,,0.07,,,,1.0,,1.3283,,,1.2234,0.6369,,,0.0,,,,,,0.0,25.0,,,,,,,,,,,,,0.0,,,,0.0,0.0
electrolysis,,,,0.0,,4.0,,,0.0,,,,,,,,,,,,,,0.07,,,,0.6994,,,,0.1294,,,,,0.0,,,,,,1257334.5999999999,25.0,,,,,,,,,,,,,0.0,,,,6067.405010509978,0.0
electrolysis small,,,,0.0,,4.0,,,0.0,,,,,,,,,,,,,,0.07,,,,0.6994,,,,0.1294,,,,,0.0,,,,,,597233.8999999999,25.0,,,,,,,,,,,,,0.0,,,,2882.017211095928,0.0
ethanol carbon capture retrofit,,,,0.0,,7.0,,,0.0,,,,,,0.94,,,,,,,,0.07,,,,1.0,,,,,,,0.12,,0.0,,,,,,1167510.284,20.0,,,,,,,,,,,,,0.0,,,,7361.7151778339485,0.0
ethanol from starch crop,,,,0.0,,16.4,,,33.2615,,,,,,,,,,,,,,0.07,,,,0.58,,,,,,,,,0.0,,,,,,761648.2168,20.0,,,,,,,,,,,,,0.0,,,,7548.666180178622,33.2615
ethanol from sugar crops,,,,0.0,,19.51,,,29.2541,,,,,,,,,,,,,,0.07,,,,0.45,,,,,,,,,0.0,,,,,,563668.838,20.0,,,,,,,,,,,,,0.0,,,,6258.887602413416,29.2541
fuel cell,,,,0.0,,5.0,,,0.0,,1.25,,,,,,,,,,,,0.07,,,,0.5,,,,,,,,,0.0,,,,,,1068642.5,10.0,,,,,,,,,,,,,0.0,,,,7885.366729908464,0.0
fuelwood,,,,0.0,,0.0,,,0.0,,,,,,,,,,,,,,0.07,,,,1.0,,,,,,,,,15.2332,,,,,,0.0,25.0,,,,,,,,,,,,,0.0,,,,0.0,15.2332
gas,,,,0.198,,0.0,,,0.0,,,,,,,,,,,,,,0.07,,,,1.0,,,,,,,,,22.7578,,,,,,0.0,25.0,,,,,,,,,,,,,0.0,,,,0.0,22.7578
gas boiler steam,,,,0.0,,3.74,,,1.2661,,,,,,,,,,,,,,0.07,,,,0.94,,,,,,,,,0.0,,,,,,57551.6,25.0,,,,,,,,,,,,,0.0,,,,271.98211956240004,1.2661
gas storage,,,,0.0,,0.5368,,,0.0,,,,,,,,,,,,,,0.07,,,,1.0,,,,,,,,,0.0,,,,,,297.4,100.0,,,,,,,,,,,,,0.0,,,,0.860653359729591,0.0
gas storage charger,,,,0.0,,0.0,,,0.0,,,,,,,,,,,,,,0.07,,,,1.0,,,,,,,,,0.0,,,,,,19171.8,25.0,,,,,,,,,,,,,0.0,,,,63.101339826619714,0.0
gas storage discharger,,,,0.0,,0.0,,,0.0,,,,,,,,,,,,,,0.07,,,,1.0,,,,,,,,,0.0,,,,,,6390.6,25.0,,,,,,,,,,,,,0.0,,,,21.033779942206575,0.0
geothermal,,,,0.12,,2.0,,,0.0,,,,,,,,,,,,,,0.07,25.0,0.8,,1.0,,,,,,,,,0.0,,,,,,0.0,30.0,,,,,,,,,,,,,0.0,,,,0.0,0.0
grey methanol synthesis,,,,0.0,,0.0,,,0.0,,,,,,,,0.0568,,,,,,0.07,,,,0.569,,,,,,,,,0.0,,,,,,1258828.3146,25.0,,,,,,,,,,,,,0.0,,,,4143.2600623282915,0.0
helmeth,,,,0.0,,3.0,,,0.0,,,,,,,,,,,,,,0.07,,,,0.8,,,,,,,,,0.0,,,,,,2671606.2,25.0,,,,,,,,,,,,,0.0,,,,11867.400936019501,0.0
home battery inverter,,,,0.0,,0.9,,,0.0,,,,,,,,,,,,,,0.07,,,,0.96,,,,,,,,,0.0,,,,,,116896.3,10.0,,,,,,,,,,,,,0.0,,,,678.7303550930513,0.0
home battery storage,,,,0.0,,0.0,,,0.0,,,,,,,,,,,,,,0.07,,,,1.0,,,,,,,,,0.0,,,,,,145195.6,30.0,,,,,,,,,,,,,0.0,,,,448.7974710546042,0.0
hydro,,,,0.0,,1.0,,,0.0,,,,,,,,,,,,,,0.07,,,,0.9,,,,,,,,,0.0,,,,,,2888527.9,80.0,,,,,,,,,,,,,0.0,,,,8898.169586079506,0.0
hydrogen direct iron reduction furnace,,,,0.0,,11.3,,,0.0,,,,,,,,,,,,,,0.07,,,20.0,1.0,,,,,,,1.03,,0.0,,,,,2.1,5378698.8822,40.0,,,,,,,,1.59,,,,,0.0,,,,38787.46200394579,0.0
hydrogen storage compressor,,,,0.0,,4.0,,,0.0,,,,,,,,,,,,0.05,,0.07,,,,1.0,,,,,,,,,0.0,,,,,,110255.70000000001,15.0,,,,,,,,,,,,,0.0,,,,633.4793338001498,0.0
hydrogen storage tank type 1,,,,0.0,,2.0,,,0.0,,,,,,,,,,,,,,0.07,,,,1.0,,,,,,,,,0.0,,,,,,16974.0,20.0,,,,6.0,,,,,,,,,0.0,,,,74.47637616965564,0.0
hydrogen storage tank type 1 including compressor,,,,0.0,,1.9048,,,0.0,,,,,,,,,,,,,,0.07,,,,1.0,,,,,,,,,0.0,,,,,,28078.0,30.0,,,,,,,,,,,,,0.0,,,,107.30270395887594,0.0
hydrogen storage underground,,,,0.0,,0.0,,,0.0,,,,,,,,,,,,,,0.07,,,,1.0,,,,,,,,,0.0,,,,,,1604.5,100.0,,,,,,,,,,,,,0.0,,,,4.3129430555576365,0.0
industrial heat pump high temperature,,,,0.0,,0.0857,,,3.9503,,,,,,,,,,,,,,0.07,,,,3.2,,,,,,,,,0.0,,,,,,1063554.2,20.0,,,,,,,,,,,,,0.0,,,,3885.6121096848974,3.9503
industrial heat pump medium temperature,,,,0.0,,0.1029,,,3.9503,,,,,,,,,,,,,,0.07,,,,2.85,,,,,,,,,0.0,,,,,,886295.2000000001,20.0,,,,,,,,,,,,,0.0,,,,3243.857333298781,3.9503
iron ore DRI-ready,,,,0.0,,0.0,,,0.0,,,,,,,,,,,97.73,,,0.07,,,,1.0,,,,,,,,,0.0,,,,,,0.0,25.0,,,,,,,,,,,,,0.0,,,,0.0,0.0
iron-air battery,,,,0.0,,1.1808,,,0.0,,,,,,,,,,,,,,0.07,,,,1.0,,,,,,,,,0.0,,,,,,14018.5,17.5,,,,,,,,,,,,,0.0,,,,60.58700874641675,0.0
iron-air battery charge,,,,0.0,,0.0,,,0.0,,,,,,,,,,,,,,0.07,,,,0.74,,,,,,,,,0.0,,,,,,0.0,25.0,,,,,,,,,,,,,0.0,,,,0.0,0.0
iron-air battery discharge,,,,0.0,,0.0,,,0.0,,,,,,,,,,,,,,0.07,,,,0.63,,,,,,,,,0.0,,,,,,0.0,25.0,,,,,,,,,,,,,0.0,,,,0.0,0.0
lignite,,,,0.4069,,1.31,,,4.1005,,,,,,,,,,,,,,0.07,,,,0.33,,,,,,,,,7.9423,,,,,,4812024.4,40.0,,,,,,,,,,,,,0.0,,,,16262.374152655397,28.168075757575757
methanation,,,,0.0,,3.0,,,0.0,,,,,,,0.198,,,,,,,0.07,,,,0.8,,,,,,,,,0.0,,,,,1.282,654772.7,20.0,,,,,,,,,,,,,0.0,,,,3124.074755883162,0.0
methane storage tank incl. compressor,,,,0.0,,1.9,,,0.0,,,,,,,,,,,,,,0.07,,,,1.0,,,,,,,,,0.0,,,,,,11312.1952,30.0,,,,,,,,,,,,,0.0,,,,43.20978548211281,0.0
methanol,,,,0.2482,,0.0,,,0.0,,,,,,,,,,,,,,0.07,,,,1.0,,,,,,,,,0.0,,,,,,0.0,25.0,,,,,,,,,,,,,0.0,,,,0.0,0.0
methanol-to-kerosene,,,,0.0,,4.5,,,1.6974,,,,,,,,,,,,,,0.07,,,,1.0,,,,,,,,,0.0,,,,,0.0279,251466.9202,30.0,,,1.0764,,,,,,,,,,0.0,,,,1211.3193576412884,1.6974
methanol-to-olefins/aromatics,,,,0.0,,3.0,,,40.0741,,,,,,,,0.6107,,,,,,0.07,,,,1.0,,,,,,,1.3889,,0.0,,,,,,3510490.5712,30.0,,,18.03,,,,,,,,,,0.0,,,,14890.34349479847,40.0741
methanolisation,,,,0.0,,3.0,,,0.0,,,,,0.9,,0.248,,,,,,,0.07,,,,1.0,,,,,,,0.271,,0.0,,,,0.1,1.138,1091796.1,30.0,,,,,,,,,,,,,0.0,,,,4631.039060083302,0.0
micro CHP,,,,0.0,,6.4286,,,0.0,,,,,,,,,,,,,,0.07,,,,0.351,,,,0.609,,,,,0.0,,,,,,7698963.7,20.0,,,,,,,,,,,,,0.0,,,,46858.317943924645,0.0
natural gas direct iron reduction furnace,,,,0.0,,11.3,,,0.0,,,,,,,,,,,,,,0.07,,,20.0,1.0,,,,,,,,,0.0,2.78,,,,,5378698.8822,40.0,,,,,,,,1.59,,,,,0.0,,,,38787.46200394579,0.0
nuclear,,,,0.0,,1.27,,,4.459,,,,,,,,,,,,,,0.07,,,,0.326,,,,,,,,,7.4536,,,,,,10805703.799999999,40.0,,,,,,,,,,,,,0.0,,,,36352.39904958406,27.322803680981593
offwind,,,,0.0,,2.1655,,,0.0267,,,,,,,,,,,,,,0.07,,,,1.0,,,,,,,,,0.0,,,,,,1916091.3,30.0,,,,,,,,,,,,,0.0,,,,7514.1208020383965,0.015
offwind-ac-connection-submarine,,,,0.0,,2.5,,,0.0,,,,,,,,,,,,,,0.07,,,,1.0,,,,,,,,,0.0,,,,,,3750.0,40.0,,,,,,,,,,,,,0.0,,,,14.384876139354908,0.0
offwind-ac-connection-underground,,,,0.0,,2.5,,,0.0,,,,,,,,,,,,,,0.07,,,,1.0,,,,,,,,,0.0,,,,,,3750.0,40.0,,,,,,,,,,,,,0.0,,,,14.384876139354908,0.0
offwind-ac-station,,,,0.0,,1.5,,,0.0,,,,,,,,,,,,,,0.07,,,,1.0,,,,,,,,,0.0,,,,,,710000.0,40.0,,,,,,,,,,,,,0.0,,,,2451.2077819279084,0.0
offwind-dc-connection-submarine,,,,0.0,,2.5,,,0.0,,,,,,,,,,,,,,0.07,,,,1.0,,,,,,,,,0.0,,,,,,2680.0,40.0,,,,,,,,,,,,,0.0,,,,10.280391480925642,0.0
offwind-dc-connection-underground,,,,0.0,,2.5,,,0.0,,,,,,,,,,,,,,0.07,,,,1.0,,,,,,,,,0.0,,,,,,3400.0,40.0,,,,,,,,,,,,,0.0,,,,13.042287699681784,0.0
offwind-dc-station,,,,0.0,,1.5,,,0.0,,,,,,,,,,,,,,0.07,,,,1.0,,,,,,,,,0.0,,,,,,900000.0,40.0,,,,,,,,,,,,,0.0,,,,3107.164793993123,0.0
offwind-float,,,,0.0,,1.39,,,0.0,,,,,,,,,,,,,,0.07,,,,1.0,,,,,,,,,0.0,,,,,,1986588.7,20.0,,,,,,,,,,,,,0.0,,,,8251.695989043483,0.0
offwind-float-connection-submarine,,,,0.0,,2.5,,,0.0,,,,,,,,,,,,,,0.07,,,,1.0,,,,,,,,,0.0,,,,,,2680.0,40.0,,,,,,,,,,,,,0.0,,,,10.280391480925642,0.0
offwind-float-connection-underground,,,,0.0,,2.5,,,0.0,,,,,,,,,,,,,,0.07,,,,1.0,,,,,,,,,0.0,,,,,,3400.0,40.0,,,,,,,,,,,,,0.0,,,,13.042287699681784,0.0
offwind-float-station,,,,0.0,,1.5,,,0.0,,,,,,,,,,,,,,0.07,,,,1.0,,,,,,,,,0.0,,,,,,900000.0,40.0,,,,,,,,,,,,,0.0,,,,3107.164793993123,0.0
oil,,,,0.2571,,2.4095,,,8.0148,,,,,,,,,,,,,,0.07,,,,0.35,,,,,,,,,40.8634,,,,,,448829.8,25.0,,,,,,,,,,,,,0.0,,,,1892.0662969388236,124.76737142857142
onwind,,,,0.0,,1.1775,,,1.623,,,,,,,,,,,,,,0.07,,,,1.0,,,,,,,,,0.0,,,,,,1286466.9,30.0,,,,,,,,,,,,,0.0,,,,4557.475173600648,0.015
organic rankine cycle,,,,0.0,,2.0,,,0.0,,,,,,,,,,,,,,0.07,,,,1.0,,,,,,,0.12,,0.0,,,,,,1730092.4,30.0,,,,,,,,,,,,,0.0,,,,6674.884415371766,0.0
ror,,,,0.0,,2.0,,,0.0,,,,,,,,,,,,,,0.07,,,,0.9,,,,,,,,,0.0,,,,,,4332791.9,80.0,,,,,,,,,,,,,0.0,,,,15009.147316706933,0.0
seawater RO desalination,,,,0.0,,0.0,,,0.0,,,,,,,,,,,,,,0.07,,,,1.0,,,,,,,0.003,,0.0,,,,,,0.0,25.0,,,,,,,,,,,,,0.0,,,,0.0,0.0
seawater desalination,,,,0.0,,4.0,,,0.0,,,,,,,,,,,,,,0.07,,,,1.0,,,,,,,3.0348,,0.0,,,,,,28086.1167,30.0,,,,,,,,,,,,,0.0,,,,129.90480334314802,0.0
shipping fuel methanol,,,,0.2482,,0.0,,,0.0,,,,,,,,,,,,,,0.07,,,,1.0,,,,,,,,,90.5281,,,,,,0.0,25.0,,,,,,,,,,,,,0.0,,,,0.0,90.5281
solar,,,,0.0,,2.0676,,,0.0134,,,,,,,,,,,,,,0.07,,,,1.0,,,,,,,,,0.0,,,,,,513894.6,40.0,,,,,,,,,,,,,0.0,,,,1415.2461566516495,0.01
solar-rooftop,,,,0.0,,1.6059,,,0.0,,,,,,,,,,,,,,0.04,,,,1.0,,,,,,,,,0.0,,,,,,659922.0,40.0,,,,,,,,,,,,,0.0,,,,1685.3410774775862,0.0
solar-rooftop commercial,,,,0.0,,1.812,,,0.0,,,,,,,,,,,,,,0.07,,,,1.0,,,,,,,,,0.0,,,,,,520413.1,40.0,,,,,,,,,,,,,0.0,,,,1858.9554357853278,0.0
solar-rooftop residential,,,,0.0,,1.3998,,,0.0,,,,,,,,,,,,,,0.07,,,,1.0,,,,,,,,,0.0,,,,,,799430.8999999999,40.0,,,,,,,,,,,,,0.0,,,,2729.235068236093,0.0
solar-utility,,,,0.0,,2.5292,,,0.0,,,,,,,,,,,,,,0.07,,,,1.0,,,,,,,,,0.0,,,,,,367867.1,40.0,,,,,,,,,,,,,0.0,,,,1415.2461566516495,0.0
solar-hsat,,,,0.0,,2.5531,,,0.0,,,,,,,,,,,,,,0.07,,,,1.0,,,,,,,,,0.0,,,,,,443226.5,40.0,,,,,,,,,,,,,0.0,,,,1709.2294632178066,0.0
solid biomass,,,,0.3667,,0.0,,,0.0,,,,,,,,,,,,,,0.07,,,,1.0,,,,,,,,,17.3312,,,,,,0.0,25.0,,,,,,,,,,,,,0.0,,,,0.0,17.3312
solid biomass boiler steam,,,,0.0,,6.2831,,,3.606,,,,,,,,,,,,,,0.07,,,,0.9,,,,,,,,,0.0,,,,,,679109.2999999999,25.0,,,,,,,,,,,,,0.0,,,,3871.818394381639,3.606
solid biomass boiler steam CC,,,,0.0,,6.2831,,,3.606,,,,,,,,,,,,,,0.07,,,,0.9,,,,,,,,,0.0,,,,,,679109.2999999999,25.0,,,,,,,,,,,,,0.0,,,,3871.818394381639,3.606
solid biomass to hydrogen,,,,0.0,,4.25,,,0.0,,,,,0.9,,,,,,,,,0.07,,,,0.56,,,,,,,,,0.0,,,,,,3342847.3,25.0,,,,,,,,,,,,,0.0,,,,16451.820615720215,0.0
steel carbon capture retrofit,,,,0.0,,5.0,,,0.0,,,,,,0.9,,,,,,,,0.07,,,,1.0,,,,,,,0.16,,0.0,0.76,,,,,4477916.402,20.0,,,,,,,,,,,,,0.0,,,,24800.307691120266,0.0
uranium,,,,0.0,,0.0,,,0.0,,,,,,,,,,,,,,0.07,,,,1.0,,,,,,,,,7.4536,,,,,,0.0,25.0,,,,,,,,,,,,,0.0,,,,0.0,7.4536
waste CHP,,,,0.0,,2.2917,,,34.1135,,0.3034,1.0,,,,,,,,,,,0.07,,,,0.2165,,,,0.7625,,,,,0.0,,,,,,9442640.799999999,25.0,,,,,,,,,,,,,0.0,,,,39379.3108566242,34.1135
waste CHP CC,,,,0.0,,2.2917,,,34.1135,,0.3034,1.0,,,,,,,,,,,0.07,,,,0.2165,,,,0.7625,,,,,0.0,,,,,,9442640.799999999,25.0,,,,,,,,,,,,,0.0,,,,39379.3108566242,34.1135
water tank charger,,,,0.0,,0.0,,,0.0,,,,,,,,,,,,,,0.07,,,,0.9,,,,,,,,,0.0,,,,,,0.0,25.0,,,,,,,,,,,,,0.0,,,,0.0,0.03
water tank discharger,,,,0.0,,0.0,,,0.0,,,,,,,,,,,,,,0.07,,,,0.9,,,,,,,,,0.0,,,,,,0.0,25.0,,,,,,,,,,,,,0.0,,,,0.0,0.0
nuclear-lfr,,,,0.0,,0.778,,,3.2,,,,,,,,,,,,,,0.07,,,,0.34,,,,,,,,,2.8,,,,,,6210000.0,55.0,,,,,,,,,,,,,0.0,,,,18940.13538140968,11.435294117647057
nuclear-msr,,,,0.0,,0.776,,,3.5,,,,,,,,,,,,,,0.07,,,,0.35,,,,,,,,,2.5,,,,,,6670000.0,50.0,,,,,,,,,,,,,0.0,,,,20523.09465755771,10.642857142857142
nuclear-smr,,,,0.0,,0.8,,,3.0,,,,,,,,,,,,,,0.07,,,,0.33,,,,,,,,,3.0,,,,,,6612500.0,60.0,,,,,,,,,,,,,0.0,,,,20094.9193168885,12.09090909090909
waste,,,,0.2571,,2.2917,,,34.1135,,0.3034,1.0,,,,,,,,,,,0.07,,,,0.2165,,,,0.7625,,,,,0.0,,,,,,9442640.799999999,25.0,,,,,,,,,,,,,0.0,,,,39379.3108566242,34.1135
battery,,,,0.0,,,,,,,,,,,,,,,,,,,,,,,,,,,,,,,,,,,,,,,,,,,,,,,,,,,,0.0,,,,2325.5555761282603,0.0
li-ion,,,,0.0,,,,,,,,,,,,,,,,,,,,,,,,,,,,,,,,,,,,,,,,,,,,,,,,,,,,0.0,,,,2325.5555761282603,0.0
lfp,,,,0.0,,,,,,,,,,,,,,,,,,,,,,,,,,,,,,,,,,,,,,,,,,,,,,,,,,,,0.0,,,,7773.9802074544,0.0
vanadium,,,,0.0,,,,,,,,,,,,,,,,,,,,,,,,,,,,,,,,,,,,,,,,,,,,,,,,,,,,0.0,,,,16896.765936272546,0.0
lair,,,,0.0,,,,,,,,,,,,,,,,,,,,,,,,,,,,,,,,,,,,,,,,,,,,,,,,,,,,0.0,,,,10586.167274656358,0.0
pair,,,,0.0,,,,,,,,,,,,,,,,,,,,,,,,,,,,,,,,,,,,,,,,,,,,,,,,,,,,0.0,,,,4149.368934722903,0.0
iron-air,,,,0.0,,,,,,,,,,,,,,,,,,,,,,,,,,,,,,,,,,,,,,,,,,,,,,,,,,,,0.0,,,,6058.700874641675,0.0
H2,,,,0.0,,,,,,,,,,,,,,,,,,,,,,,,,,,,,,,,,,,,,,,,,,,,,,,,,,,,0.0,,,,14677.346173752125,0.0
