generator,carrier,bus,plot_file
DE0 0 0 offwind-ac,offwind-ac,DE0 0,/Users/eminkartci/Desktop/codenv/INRE-Project-PyPSA-EUR/output/stylised_dunkelflaute_v4/plots/generators/DE0_0_0_offwind-ac.png
DE0 7 0 offwind-ac,offwind-ac,DE0 7,/Users/eminkartci/Desktop/codenv/INRE-Project-PyPSA-EUR/output/stylised_dunkelflaute_v4/plots/generators/DE0_7_0_offwind-ac.png
DE0 8 0 offwind-ac,offwind-ac,DE0 8,/Users/eminkartci/Desktop/codenv/INRE-Project-PyPSA-EUR/output/stylised_dunkelflaute_v4/plots/generators/DE0_8_0_offwind-ac.png
DE0 0 0 offwind-float,offwind-float,DE0 0,/Users/eminkartci/Desktop/codenv/INRE-Project-PyPSA-EUR/output/stylised_dunkelflaute_v4/plots/generators/DE0_0_0_offwind-float.png
DE0 7 0 offwind-float,offwind-float,DE0 7,/Users/eminkartci/Desktop/codenv/INRE-Project-PyPSA-EUR/output/stylised_dunkelflaute_v4/plots/generators/DE0_7_0_offwind-float.png
DE0 8 0 offwind-float,offwind-float,DE0 8,/Users/eminkartci/Desktop/codenv/INRE-Project-PyPSA-EUR/output/stylised_dunkelflaute_v4/plots/generators/DE0_8_0_offwind-float.png
DE0 0 0 offwind-dc,offwind-dc,DE0 0,/Users/eminkartci/Desktop/codenv/INRE-Project-PyPSA-EUR/output/stylised_dunkelflaute_v4/plots/generators/DE0_0_0_offwind-dc.png
DE0 7 0 offwind-dc,offwind-dc,DE0 7,/Users/eminkartci/Desktop/codenv/INRE-Project-PyPSA-EUR/output/stylised_dunkelflaute_v4/plots/generators/DE0_7_0_offwind-dc.png
DE0 8 0 offwind-dc,offwind-dc,DE0 8,/Users/eminkartci/Desktop/codenv/INRE-Project-PyPSA-EUR/output/stylised_dunkelflaute_v4/plots/generators/DE0_8_0_offwind-dc.png
DE0 0 0 onwind,onwind,DE0 0,/Users/eminkartci/Desktop/codenv/INRE-Project-PyPSA-EUR/output/stylised_dunkelflaute_v4/plots/generators/DE0_0_0_onwind.png
DE0 1 0 onwind,onwind,DE0 1,/Users/eminkartci/Desktop/codenv/INRE-Project-PyPSA-EUR/output/stylised_dunkelflaute_v4/plots/generators/DE0_1_0_onwind.png
DE0 2 0 onwind,onwind,DE0 2,/Users/eminkartci/Desktop/codenv/INRE-Project-PyPSA-EUR/output/stylised_dunkelflaute_v4/plots/generators/DE0_2_0_onwind.png
DE0 3 0 onwind,onwind,DE0 3,/Users/eminkartci/Desktop/codenv/INRE-Project-PyPSA-EUR/output/stylised_dunkelflaute_v4/plots/generators/DE0_3_0_onwind.png
DE0 4 0 onwind,onwind,DE0 4,/Users/eminkartci/Desktop/codenv/INRE-Project-PyPSA-EUR/output/stylised_dunkelflaute_v4/plots/generators/DE0_4_0_onwind.png
DE0 5 0 onwind,onwind,DE0 5,/Users/eminkartci/Desktop/codenv/INRE-Project-PyPSA-EUR/output/stylised_dunkelflaute_v4/plots/generators/DE0_5_0_onwind.png
DE0 6 0 onwind,onwind,DE0 6,/Users/eminkartci/Desktop/codenv/INRE-Project-PyPSA-EUR/output/stylised_dunkelflaute_v4/plots/generators/DE0_6_0_onwind.png
DE0 7 0 onwind,onwind,DE0 7,/Users/eminkartci/Desktop/codenv/INRE-Project-PyPSA-EUR/output/stylised_dunkelflaute_v4/plots/generators/DE0_7_0_onwind.png
DE0 8 0 onwind,onwind,DE0 8,/Users/eminkartci/Desktop/codenv/INRE-Project-PyPSA-EUR/output/stylised_dunkelflaute_v4/plots/generators/DE0_8_0_onwind.png
DE0 9 0 onwind,onwind,DE0 9,/Users/eminkartci/Desktop/codenv/INRE-Project-PyPSA-EUR/output/stylised_dunkelflaute_v4/plots/generators/DE0_9_0_onwind.png
DE0 0 0 solar-hsat,solar-hsat,DE0 0,/Users/eminkartci/Desktop/codenv/INRE-Project-PyPSA-EUR/output/stylised_dunkelflaute_v4/plots/generators/DE0_0_0_solar-hsat.png
DE0 1 0 solar-hsat,solar-hsat,DE0 1,/Users/eminkartci/Desktop/codenv/INRE-Project-PyPSA-EUR/output/stylised_dunkelflaute_v4/plots/generators/DE0_1_0_solar-hsat.png
DE0 2 0 solar-hsat,solar-hsat,DE0 2,/Users/eminkartci/Desktop/codenv/INRE-Project-PyPSA-EUR/output/stylised_dunkelflaute_v4/plots/generators/DE0_2_0_solar-hsat.png
DE0 3 0 solar-hsat,solar-hsat,DE0 3,/Users/eminkartci/Desktop/codenv/INRE-Project-PyPSA-EUR/output/stylised_dunkelflaute_v4/plots/generators/DE0_3_0_solar-hsat.png
DE0 4 0 solar-hsat,solar-hsat,DE0 4,/Users/eminkartci/Desktop/codenv/INRE-Project-PyPSA-EUR/output/stylised_dunkelflaute_v4/plots/generators/DE0_4_0_solar-hsat.png
DE0 5 0 solar-hsat,solar-hsat,DE0 5,/Users/eminkartci/Desktop/codenv/INRE-Project-PyPSA-EUR/output/stylised_dunkelflaute_v4/plots/generators/DE0_5_0_solar-hsat.png
DE0 6 0 solar-hsat,solar-hsat,DE0 6,/Users/eminkartci/Desktop/codenv/INRE-Project-PyPSA-EUR/output/stylised_dunkelflaute_v4/plots/generators/DE0_6_0_solar-hsat.png
DE0 7 0 solar-hsat,solar-hsat,DE0 7,/Users/eminkartci/Desktop/codenv/INRE-Project-PyPSA-EUR/output/stylised_dunkelflaute_v4/plots/generators/DE0_7_0_solar-hsat.png
DE0 8 0 solar-hsat,solar-hsat,DE0 8,/Users/eminkartci/Desktop/codenv/INRE-Project-PyPSA-EUR/output/stylised_dunkelflaute_v4/plots/generators/DE0_8_0_solar-hsat.png
DE0 9 0 solar-hsat,solar-hsat,DE0 9,/Users/eminkartci/Desktop/codenv/INRE-Project-PyPSA-EUR/output/stylised_dunkelflaute_v4/plots/generators/DE0_9_0_solar-hsat.png
DE0 0 0 solar,solar,DE0 0,/Users/eminkartci/Desktop/codenv/INRE-Project-PyPSA-EUR/output/stylised_dunkelflaute_v4/plots/generators/DE0_0_0_solar.png
DE0 1 0 solar,solar,DE0 1,/Users/eminkartci/Desktop/codenv/INRE-Project-PyPSA-EUR/output/stylised_dunkelflaute_v4/plots/generators/DE0_1_0_solar.png
DE0 2 0 solar,solar,DE0 2,/Users/eminkartci/Desktop/codenv/INRE-Project-PyPSA-EUR/output/stylised_dunkelflaute_v4/plots/generators/DE0_2_0_solar.png
DE0 3 0 solar,solar,DE0 3,/Users/eminkartci/Desktop/codenv/INRE-Project-PyPSA-EUR/output/stylised_dunkelflaute_v4/plots/generators/DE0_3_0_solar.png
DE0 4 0 solar,solar,DE0 4,/Users/eminkartci/Desktop/codenv/INRE-Project-PyPSA-EUR/output/stylised_dunkelflaute_v4/plots/generators/DE0_4_0_solar.png
DE0 5 0 solar,solar,DE0 5,/Users/eminkartci/Desktop/codenv/INRE-Project-PyPSA-EUR/output/stylised_dunkelflaute_v4/plots/generators/DE0_5_0_solar.png
DE0 6 0 solar,solar,DE0 6,/Users/eminkartci/Desktop/codenv/INRE-Project-PyPSA-EUR/output/stylised_dunkelflaute_v4/plots/generators/DE0_6_0_solar.png
DE0 7 0 solar,solar,DE0 7,/Users/eminkartci/Desktop/codenv/INRE-Project-PyPSA-EUR/output/stylised_dunkelflaute_v4/plots/generators/DE0_7_0_solar.png
DE0 8 0 solar,solar,DE0 8,/Users/eminkartci/Desktop/codenv/INRE-Project-PyPSA-EUR/output/stylised_dunkelflaute_v4/plots/generators/DE0_8_0_solar.png
DE0 9 0 solar,solar,DE0 9,/Users/eminkartci/Desktop/codenv/INRE-Project-PyPSA-EUR/output/stylised_dunkelflaute_v4/plots/generators/DE0_9_0_solar.png
