scenario,scope,carrier,capacity_gw,mean_cf,min_cf,max_cf,available_energy_gwh
matched-base,pre-buffer,onwind,73.3320659,0.5068657314696019,0.002725827222071689,0.9999999685828747,6244.477885393533
matched-base,pre-buffer,offwind-ac,11.163743,0.7700129660768946,0.0004694256963696892,1.0,1444.1661124716288
matched-base,pre-buffer,offwind-dc,0.0,,3.5743140089344374e-05,1.0,0.0
matched-base,pre-buffer,offwind-float,0.0,,0.013507809225820996,1.0,0.0
matched-base,pre-buffer,solar,48.77125402000001,0.03797981821215831,0.0,0.363304476210175,311.190324758644
matched-base,pre-buffer,solar-hsat,0.0,,0.0,0.34287291684883153,0.0
matched-base,transition-in,onwind,73.3320659,0.1864386941335717,0.0,0.8714280880342451,656.252861016625
matched-base,transition-in,offwind-ac,11.163743,0.29371671591814735,0.0363211483184611,0.7374858549734181,157.3909407030819
matched-base,transition-in,offwind-dc,0.0,,0.0,0.88462966251375,0.0
matched-base,transition-in,offwind-float,0.0,,0.02212654913720688,0.4785293588763624,0.0
matched-base,transition-in,solar,48.77125402000001,0.04374350050790126,0.0,0.44289742676150423,102.4044179997529
matched-base,transition-in,solar-hsat,0.0,,0.0,0.42862555297895016,0.0
matched-base,plateau,onwind,73.3320659,0.23382254420750725,0.0,0.9796300723294338,4115.20565297534
matched-base,plateau,offwind-ac,11.163743,0.5107324198311198,0.0,0.8854997620753472,1368.404514423054
matched-base,plateau,offwind-dc,0.0,,0.0,0.8855000000000004,0.0
matched-base,plateau,offwind-float,0.0,,0.0,0.8854400170133355,0.0
matched-base,plateau,solar,48.77125402000001,0.046215291265568156,0.0,0.5742488914060103,540.9546503811148
matched-base,plateau,solar-hsat,0.0,,0.0,0.5575467067134854,0.0
matched-base,transition-out,onwind,73.3320659,0.6692841113884178,0.026239806646348725,0.9964763867697773,2355.8393549836032
matched-base,transition-out,offwind-ac,11.163743,0.8833941029481869,0.8256036846573268,0.8855000000000001,473.375267185397
matched-base,transition-out,offwind-dc,0.0,,0.8720165186010368,0.8855000000000004,0.0
matched-base,transition-out,offwind-float,0.0,,0.64118225218375,0.8854999999999991,0.0
matched-base,transition-out,solar,48.77125402000001,0.026165580854770703,0.0,0.2330106240165437,61.2541531415458
matched-base,transition-out,solar-hsat,0.0,,0.0,0.22657818801803895,0.0
matched-base,core,onwind,73.3320659,0.28926221807993224,0.0,0.9964763867697773,7127.297868975568
matched-base,core,offwind-ac,11.163743,0.532967559717419,0.0,0.8855000000000001,1999.1707223115332
matched-base,core,offwind-dc,0.0,,0.0,0.8855000000000004,0.0
matched-base,core,offwind-float,0.0,,0.0,0.8854999999999991,0.0
matched-base,core,solar,48.77125402000001,0.042997933955787535,0.0,0.5742488914060103,704.6132215224136
matched-base,core,solar-hsat,0.0,,0.0,0.5575467067134854,0.0
matched-base,post-buffer,onwind,73.3320659,0.19040947311874254,3.781296172976627e-05,0.9469742127216686,2345.804165162288
matched-base,post-buffer,offwind-ac,11.163743,0.6239081865202012,0.0030317440147045564,1.0,1170.1453091844755
matched-base,post-buffer,offwind-dc,0.0,,0.0,1.0,0.0
matched-base,post-buffer,offwind-float,0.0,,0.005613670813518482,0.9999759859411101,0.0
matched-base,post-buffer,solar,48.77125402000001,0.07847297039221,0.0,0.6755103859936892,642.9738290140056
matched-base,post-buffer,solar-hsat,0.0,,0.0,0.6759502933149059,0.0
matched-base,full-window,onwind,73.3320659,0.31894991018705227,0.0,0.9999999685828747,15717.57991953139
matched-base,full-window,offwind-ac,11.163743,0.6149640680079835,0.0,1.0,4613.482143967636
matched-base,full-window,offwind-dc,0.0,,0.0,1.0,0.0
matched-base,full-window,offwind-float,0.0,,0.0,1.0,0.0
matched-base,full-window,solar,48.77125402000001,0.05061216412898585,0.0,0.6755103859936892,1658.7773752950632
matched-base,full-window,solar-hsat,0.0,,0.0,0.6759502933149059,0.0
moderate,pre-buffer,onwind,73.3320659,0.5068657314696019,0.002725827222071689,0.9999999685828747,6244.477885393533
moderate,pre-buffer,offwind-ac,11.163743,0.7700129660768946,0.0004694256963696892,1.0,1444.1661124716288
moderate,pre-buffer,offwind-dc,0.0,,3.5743140089344374e-05,1.0,0.0
moderate,pre-buffer,offwind-float,0.0,,0.013507809225820996,1.0,0.0
moderate,pre-buffer,solar,48.77125402000001,0.03797981821215831,0.0,0.363304476210175,311.190324758644
moderate,pre-buffer,solar-hsat,0.0,,0.0,0.34287291684883153,0.0
moderate,transition-in,onwind,73.3320659,0.1104579827711365,0.0,0.5036713431239174,388.8053794441942
moderate,transition-in,offwind-ac,11.163743,0.19844473826510178,0.025424803822922774,0.540872046505794,106.33853076930538
moderate,transition-in,offwind-dc,0.0,,0.0,0.57523067778203,0.0
moderate,transition-in,offwind-float,0.0,,0.02212654913720688,0.256984438365273,0.0
moderate,transition-in,solar,48.77125402000001,0.031161469411358292,0.0,0.4167728404966917,72.94962913429514
moderate,transition-in,solar-hsat,0.0,,0.0,0.40334280226174773,0.0
moderate,plateau,onwind,73.3320659,0.08183789047262753,0.0,0.3428705253153018,1440.321978541369
moderate,plateau,offwind-ac,11.163743,0.20429296793244797,0.0,0.3541999048301389,547.3618057692217
moderate,plateau,offwind-dc,0.0,,0.0,0.3542000000000002,0.0
moderate,plateau,offwind-float,0.0,,0.0,0.35417600680533423,0.0
moderate,plateau,solar,48.77125402000001,0.013864587379670449,0.0,0.1722746674218031,162.28639511433448
moderate,plateau,solar-hsat,0.0,,0.0,0.16726401201404564,0.0
moderate,transition-out,onwind,73.3320659,0.46136530242049256,0.011681707290871859,0.9693799636385184,1623.9777965315036
moderate,transition-out,offwind-ac,11.163743,0.6023126162993988,0.33024147386293073,0.8803956097391182,322.75503619315685
moderate,transition-out,offwind-dc,0.0,,0.35193715537252723,0.8803956097391186,0.0
moderate,transition-out,offwind-float,0.0,,0.2564729008735,0.8803843231799444,0.0
moderate,transition-out,solar,48.77125402000001,0.014555298582591445,0.0,0.1102238608108218,34.07424789640864
moderate,transition-out,solar-hsat,0.0,,0.0,0.10690039023731347,0.0
moderate,core,onwind,73.3320659,0.1401446767935381,0.0,0.9693799636385184,3453.1051545170667
moderate,core,offwind-ac,11.163743,0.26031745631810577,0.0,0.8803956097391182,976.4553727316838
moderate,core,offwind-dc,0.0,,0.0,0.8803956097391186,0.0
moderate,core,offwind-float,0.0,,0.0,0.8803843231799444,0.0
moderate,core,solar,48.77125402000001,0.01643424355604314,0.0,0.4167728404966917,269.3102721450383
moderate,core,solar-hsat,0.0,,0.0,0.40334280226174773,0.0
moderate,post-buffer,onwind,73.3320659,0.19040947311874254,3.781296172976627e-05,0.9469742127216686,2345.804165162288
moderate,post-buffer,offwind-ac,11.163743,0.6239081865202012,0.0030317440147045564,1.0,1170.1453091844755
moderate,post-buffer,offwind-dc,0.0,,0.0,1.0,0.0
moderate,post-buffer,offwind-float,0.0,,0.005613670813518482,0.9999759859411101,0.0
moderate,post-buffer,solar,48.77125402000001,0.07847297039221,0.0,0.6755103859936892,642.9738290140056
moderate,post-buffer,solar-hsat,0.0,,0.0,0.6759502933149059,0.0
moderate,full-window,onwind,73.3320659,0.24439113954385516,0.0,0.9999999685828747,12043.38720507289
moderate,full-window,offwind-ac,11.163743,0.4786390163083269,0.0,1.0,3590.7667943877877
moderate,full-window,offwind-dc,0.0,,0.0,1.0,0.0
moderate,full-window,offwind-float,0.0,,0.0,1.0,0.0
moderate,full-window,solar,48.77125402000001,0.03733031892911365,0.0,0.6755103859936892,1223.4744259176878
moderate,full-window,solar-hsat,0.0,,0.0,0.6759502933149059,0.0
severe,pre-buffer,onwind,73.3320659,0.5068657314696019,0.002725827222071689,0.9999999685828747,6244.477885393533
severe,pre-buffer,offwind-ac,11.163743,0.7700129660768946,0.0004694256963696892,1.0,1444.1661124716288
severe,pre-buffer,offwind-dc,0.0,,3.5743140089344374e-05,1.0,0.0
severe,pre-buffer,offwind-float,0.0,,0.013507809225820996,1.0,0.0
severe,pre-buffer,solar,48.77125402000001,0.03797981821215831,0.0,0.363304476210175,311.190324758644
severe,pre-buffer,solar-hsat,0.0,,0.0,0.34287291684883153,0.0
severe,transition-in,onwind,73.3320659,0.09292397245672837,0.0,0.429856304679896,327.08672985055637
severe,transition-in,offwind-ac,11.163743,0.17462674385184038,0.02270071769903819,0.5152645919458715,93.57542828586125
severe,transition-in,offwind-dc,0.0,,0.0,0.5531072639837818,0.0
severe,transition-in,offwind-float,0.0,,0.02212654913720688,0.2423821029313788,0.0
severe,transition-in,solar,48.77125402000001,0.028465319890670516,0.0,0.41117471486851764,66.63788866312562
severe,transition-in,solar-hsat,0.0,,0.0,0.3979250699652043,0.0
severe,plateau,onwind,73.3320659,0.04676450884150144,0.0,0.1959260144658867,823.0411305950679
severe,plateau,offwind-ac,11.163743,0.12768310495777996,0.0,0.2213749405188368,342.1011286057635
severe,plateau,offwind-dc,0.0,,0.0,0.2213750000000001,0.0
severe,plateau,offwind-float,0.0,,0.0,0.22136000425333388,0.0
severe,plateau,solar,48.77125402000001,0.0069322936898352245,0.0,0.08613733371090156,81.14319755716724
severe,plateau,solar-hsat,0.0,,0.0,0.08363200600702282,0.0
severe,transition-out,onwind,73.3320659,0.41338403881250974,0.008322145901146426,0.9637053544183796,1455.0866676579421
severe,transition-out,offwind-ac,11.163743,0.5320422446372018,0.2064009211643317,0.8791195121738977,285.0999784450968
severe,transition-out,offwind-dc,0.0,,0.2199607221078295,0.879119512173898,0.0
severe,transition-out,offwind-float,0.0,,0.1602955630459375,0.8791082419741316,0.0
severe,transition-out,solar,48.77125402000001,0.012067380952838748,0.0,0.1058730890910775,28.2499824867364
severe,transition-out,solar-hsat,0.0,,0.0,0.10268080301497523,0.0
severe,core,onwind,73.3320659,0.1057329364966779,0.0,0.9637053544183796,2605.2145281035664
severe,core,offwind-ac,11.163743,0.19215493046827742,0.0,0.8791195121738977,720.7765353367214
severe,core,offwind-dc,0.0,,0.0,0.879119512173898,0.0
severe,core,offwind-float,0.0,,0.0,0.8791082419741316,0.0
severe,core,solar,48.77125402000001,0.01074202418466934,0.0,0.41117471486851764,176.03106870702928
severe,core,solar-hsat,0.0,,0.0,0.3979250699652043,0.0
severe,post-buffer,onwind,73.3320659,0.19040947311874254,3.781296172976627e-05,0.9469742127216686,2345.804165162288
severe,post-buffer,offwind-ac,11.163743,0.6239081865202012,0.0030317440147045564,1.0,1170.1453091844755
severe,post-buffer,offwind-dc,0.0,,0.0,1.0,0.0
severe,post-buffer,offwind-float,0.0,,0.005613670813518482,0.9999759859411101,0.0
severe,post-buffer,solar,48.77125402000001,0.07847297039221,0.0,0.6755103859936892,642.9738290140056
severe,post-buffer,solar-hsat,0.0,,0.0,0.6759502933149059,0.0
severe,full-window,onwind,73.3320659,0.22718526939542505,0.0,0.9999999685828747,11195.496578659388
severe,full-window,offwind-ac,11.163743,0.4445577533834127,0.0,1.0,3335.087956992825
severe,full-window,offwind-dc,0.0,,0.0,1.0,0.0
severe,full-window,offwind-float,0.0,,0.0,1.0,0.0
severe,full-window,solar,48.77125402000001,0.03448420924342675,0.0,0.6755103859936892,1130.1952224796787
severe,full-window,solar-hsat,0.0,,0.0,0.6759502933149059,0.0
extreme,pre-buffer,onwind,73.3320659,0.5068657314696019,0.002725827222071689,0.9999999685828747,6244.477885393533
extreme,pre-buffer,offwind-ac,11.163743,0.7700129660768946,0.0004694256963696892,1.0,1444.1661124716288
extreme,pre-buffer,offwind-dc,0.0,,3.5743140089344374e-05,1.0,0.0
extreme,pre-buffer,offwind-float,0.0,,0.013507809225820996,1.0,0.0
extreme,pre-buffer,solar,48.77125402000001,0.03797981821215831,0.0,0.363304476210175,311.190324758644
extreme,pre-buffer,solar-hsat,0.0,,0.0,0.34287291684883153,0.0
extreme,transition-in,onwind,73.3320659,0.08123463224712296,0.0,0.3872263187348319,285.9409634547978
extreme,transition-in,offwind-ac,11.163743,0.1587480809096661,0.020884660283115135,0.5015247473437001,85.0666932968985
extreme,transition-in,offwind-dc,0.0,,0.0,0.5383583214516163,0.0
extreme,transition-in,offwind-float,0.0,,0.02212654913720688,0.232647212642116,0.0
extreme,transition-in,solar,48.77125402000001,0.027566603383774587,0.0,0.4093086729924596,64.53397517273578
extreme,transition-in,solar-hsat,0.0,,0.0,0.3961191591996899,0.0
extreme,plateau,onwind,73.3320659,0.02338225442075072,0.0,0.09796300723294335,411.52056529753395
extreme,plateau,offwind-ac,11.163743,0.07660986297466799,0.0,0.1328249643113021,205.26067716345813
extreme,plateau,offwind-dc,0.0,,0.0,0.13282500000000008,0.0
extreme,plateau,offwind-float,0.0,,0.0,0.13281600255200035,0.0
extreme,plateau,solar,48.77125402000001,0.004621529126556815,0.0,0.05742488914060102,54.09546503811148
extreme,plateau,solar-hsat,0.0,,0.0,0.055754670671348525,0.0
extreme,transition-out,onwind,73.3320659,0.3813965297405213,0.005509919759318801,0.9599222816049537,1342.4925817422345
extreme,transition-out,offwind-ac,11.163743,0.48519533019573724,0.12384055269859905,0.8782687804637508,259.99660661305677
extreme,transition-out,offwind-dc,0.0,,0.1319764332646977,0.8782687804637511,0.0
extreme,transition-out,offwind-float,0.0,,0.09617733782756252,0.8782575211702564,0.0
extreme,transition-out,solar,48.77125402000001,0.011238075076254513,0.0,0.10442283185116273,26.30856068351231
extreme,transition-out,solar-hsat,0.0,,0.0,0.10127427394086248,0.0
extreme,core,onwind,73.3320659,0.08279177629877113,0.0,0.9599222816049537,2039.9541104945663
extreme,core,offwind-ac,11.163743,0.14671324656839188,0.0,0.8782687804637508,550.3239770734135
extreme,core,offwind-dc,0.0,,0.0,0.8782687804637511,0.0
extreme,core,offwind-float,0.0,,0.0,0.8782575211702564,0.0
extreme,core,solar,48.77125402000001,0.00884461772754474,0.0,0.4093086729924596,144.9380008943596
extreme,core,solar-hsat,0.0,,0.0,0.3961191591996899,0.0
extreme,post-buffer,onwind,73.3320659,0.19040947311874254,3.781296172976627e-05,0.9469742127216686,2345.804165162288
extreme,post-buffer,offwind-ac,11.163743,0.6239081865202012,0.0030317440147045564,1.0,1170.1453091844755
extreme,post-buffer,offwind-dc,0.0,,0.0,1.0,0.0
extreme,post-buffer,offwind-float,0.0,,0.005613670813518482,0.9999759859411101,0.0
extreme,post-buffer,solar,48.77125402000001,0.07847297039221,0.0,0.6755103859936892,642.9738290140056
extreme,post-buffer,solar-hsat,0.0,,0.0,0.6759502933149059,0.0
extreme,full-window,onwind,73.3320659,0.21571468929647167,0.0,0.9999999685828747,10630.236161050387
extreme,full-window,offwind-ac,11.163743,0.4218369114334699,0.0,1.0,3164.6353987295174
extreme,full-window,offwind-dc,0.0,,0.0,1.0,0.0
extreme,full-window,offwind-float,0.0,,0.0,1.0,0.0
extreme,full-window,solar,48.77125402000001,0.03353550601486444,0.0,0.6755103859936892,1099.102154667009
extreme,full-window,solar-hsat,0.0,,0.0,0.6759502933149059,0.0
