bus,timestamp,demand_MW
DE0,2021-01-25 00:00:00,4271.36
DE1,2021-01-25 00:00:00,5873.11
DE2,2021-01-25 00:00:00,7474.87
DE3,2021-01-25 00:00:00,4805.28
DE4,2021-01-25 00:00:00,6940.95
DE5,2021-01-25 00:00:00,6407.03
DE6,2021-01-25 00:00:00,4271.36
DE7,2021-01-25 00:00:00,5339.19
DE8,2021-01-25 00:00:00,4805.28
DE9,2021-01-25 00:00:00,3203.52
DE0,2021-01-25 03:00:00,4468.47
DE1,2021-01-25 03:00:00,6144.14
DE2,2021-01-25 03:00:00,7819.82
DE3,2021-01-25 03:00:00,5027.03
DE4,2021-01-25 03:00:00,7261.26
DE5,2021-01-25 03:00:00,6702.7
DE6,2021-01-25 03:00:00,4468.47
DE7,2021-01-25 03:00:00,5585.58
DE8,2021-01-25 03:00:00,5027.03
DE9,2021-01-25 03:00:00,3351.35
DE0,2021-01-25 06:00:00,4890.48
DE1,2021-01-25 06:00:00,6724.41
DE2,2021-01-25 06:00:00,8558.34
DE3,2021-01-25 06:00:00,5501.79
DE4,2021-01-25 06:00:00,7947.03
DE5,2021-01-25 06:00:00,7335.72
DE6,2021-01-25 06:00:00,4890.48
DE7,2021-01-25 06:00:00,6113.1
DE8,2021-01-25 06:00:00,5501.79
DE9,2021-01-25 06:00:00,3667.86
DE0,2021-01-25 09:00:00,5290.18
DE1,2021-01-25 09:00:00,7274.0
DE2,2021-01-25 09:00:00,9257.82
DE3,2021-01-25 09:00:00,5951.46
DE4,2021-01-25 09:00:00,8596.55
DE5,2021-01-25 09:00:00,7935.28
DE6,2021-01-25 09:00:00,5290.18
DE7,2021-01-25 09:00:00,6612.73
DE8,2021-01-25 09:00:00,5951.46
DE9,2021-01-25 09:00:00,3967.64
DE0,2021-01-25 12:00:00,5433.44
DE1,2021-01-25 12:00:00,7470.98
DE2,2021-01-25 12:00:00,9508.52
DE3,2021-01-25 12:00:00,6112.62
DE4,2021-01-25 12:00:00,8829.34
DE5,2021-01-25 12:00:00,8150.16
DE6,2021-01-25 12:00:00,5433.44
DE7,2021-01-25 12:00:00,6791.8
DE8,2021-01-25 12:00:00,6112.62
DE9,2021-01-25 12:00:00,4075.08
DE0,2021-01-25 15:00:00,5236.33
DE1,2021-01-25 15:00:00,7199.95
DE2,2021-01-25 15:00:00,9163.57
DE3,2021-01-25 15:00:00,5890.87
DE4,2021-01-25 15:00:00,8509.03
DE5,2021-01-25 15:00:00,7854.49
DE6,2021-01-25 15:00:00,5236.33
DE7,2021-01-25 15:00:00,6545.41
DE8,2021-01-25 15:00:00,5890.87
DE9,2021-01-25 15:00:00,3927.24
DE0,2021-01-25 18:00:00,4814.31
DE1,2021-01-25 18:00:00,6619.68
DE2,2021-01-25 18:00:00,8425.05
DE3,2021-01-25 18:00:00,5416.1
DE4,2021-01-25 18:00:00,7823.26
DE5,2021-01-25 18:00:00,7221.47
DE6,2021-01-25 18:00:00,4814.31
DE7,2021-01-25 18:00:00,6017.89
DE8,2021-01-25 18:00:00,5416.1
DE9,2021-01-25 18:00:00,3610.74
DE0,2021-01-25 21:00:00,4414.61
DE1,2021-01-25 21:00:00,6070.09
DE2,2021-01-25 21:00:00,7725.57
DE3,2021-01-25 21:00:00,4966.44
DE4,2021-01-25 21:00:00,7173.74
DE5,2021-01-25 21:00:00,6621.91
DE6,2021-01-25 21:00:00,4414.61
DE7,2021-01-25 21:00:00,5518.26
DE8,2021-01-25 21:00:00,4966.44
DE9,2021-01-25 21:00:00,3310.96
DE0,2021-01-26 00:00:00,4153.34
DE1,2021-01-26 00:00:00,5710.85
DE2,2021-01-26 00:00:00,7268.35
DE3,2021-01-26 00:00:00,4672.51
DE4,2021-01-26 00:00:00,6749.18
DE5,2021-01-26 00:00:00,6230.01
DE6,2021-01-26 00:00:00,4153.34
DE7,2021-01-26 00:00:00,5191.68
DE8,2021-01-26 00:00:00,4672.51
DE9,2021-01-26 00:00:00,3115.01
DE0,2021-01-26 03:00:00,4346.02
DE1,2021-01-26 03:00:00,5975.78
DE2,2021-01-26 03:00:00,7605.54
DE3,2021-01-26 03:00:00,4889.27
DE4,2021-01-26 03:00:00,7062.28
DE5,2021-01-26 03:00:00,6519.03
DE6,2021-01-26 03:00:00,4346.02
DE7,2021-01-26 03:00:00,5432.53
DE8,2021-01-26 03:00:00,4889.27
DE9,2021-01-26 03:00:00,3259.52
DE0,2021-01-26 06:00:00,4756.73
DE1,2021-01-26 06:00:00,6540.5
DE2,2021-01-26 06:00:00,8324.27
DE3,2021-01-26 06:00:00,5351.32
DE4,2021-01-26 06:00:00,7729.68
DE5,2021-01-26 06:00:00,7135.09
DE6,2021-01-26 06:00:00,4756.73
DE7,2021-01-26 06:00:00,5945.91
DE8,2021-01-26 06:00:00,5351.32
DE9,2021-01-26 06:00:00,3567.55
DE0,2021-01-26 09:00:00,5144.88
DE1,2021-01-26 09:00:00,7074.2
DE2,2021-01-26 09:00:00,9003.53
DE3,2021-01-26 09:00:00,5787.98
DE4,2021-01-26 09:00:00,8360.42
DE5,2021-01-26 09:00:00,7717.31
DE6,2021-01-26 09:00:00,5144.88
DE7,2021-01-26 09:00:00,6431.09
DE8,2021-01-26 09:00:00,5787.98
DE9,2021-01-26 09:00:00,3858.66
DE0,2021-01-26 12:00:00,5283.09
DE1,2021-01-26 12:00:00,7264.25
DE2,2021-01-26 12:00:00,9245.41
DE3,2021-01-26 12:00:00,5943.48
DE4,2021-01-26 12:00:00,8585.03
DE5,2021-01-26 12:00:00,7924.64
DE6,2021-01-26 12:00:00,5283.09
DE7,2021-01-26 12:00:00,6603.87
DE8,2021-01-26 12:00:00,5943.48
DE9,2021-01-26 12:00:00,3962.32
DE0,2021-01-26 15:00:00,5090.41
DE1,2021-01-26 15:00:00,6999.32
DE2,2021-01-26 15:00:00,8908.23
DE3,2021-01-26 15:00:00,5726.72
DE4,2021-01-26 15:00:00,8271.92
DE5,2021-01-26 15:00:00,7635.62
DE6,2021-01-26 15:00:00,5090.41
DE7,2021-01-26 15:00:00,6363.02
DE8,2021-01-26 15:00:00,5726.72
DE9,2021-01-26 15:00:00,3817.81
DE0,2021-01-26 18:00:00,4679.71
DE1,2021-01-26 18:00:00,6434.6
DE2,2021-01-26 18:00:00,8189.49
DE3,2021-01-26 18:00:00,5264.67
DE4,2021-01-26 18:00:00,7604.53
DE5,2021-01-26 18:00:00,7019.56
DE6,2021-01-26 18:00:00,4679.71
DE7,2021-01-26 18:00:00,5849.64
DE8,2021-01-26 18:00:00,5264.67
DE9,2021-01-26 18:00:00,3509.78
DE0,2021-01-26 21:00:00,4291.56
DE1,2021-01-26 21:00:00,5900.9
DE2,2021-01-26 21:00:00,7510.23
DE3,2021-01-26 21:00:00,4828.01
DE4,2021-01-26 21:00:00,6973.79
DE5,2021-01-26 21:00:00,6437.34
DE6,2021-01-26 21:00:00,4291.56
DE7,2021-01-26 21:00:00,5364.45
DE8,2021-01-26 21:00:00,4828.01
DE9,2021-01-26 21:00:00,3218.67
DE0,2021-01-27 00:00:00,4195.6
DE1,2021-01-27 00:00:00,5768.95
DE2,2021-01-27 00:00:00,7342.3
DE3,2021-01-27 00:00:00,4720.05
DE4,2021-01-27 00:00:00,6817.85
DE5,2021-01-27 00:00:00,6293.4
DE6,2021-01-27 00:00:00,4195.6
DE7,2021-01-27 00:00:00,5244.5
DE8,2021-01-27 00:00:00,4720.05
DE9,2021-01-27 00:00:00,3146.7
DE0,2021-01-27 03:00:00,4391.26
DE1,2021-01-27 03:00:00,6037.98
DE2,2021-01-27 03:00:00,7684.71
DE3,2021-01-27 03:00:00,4940.17
DE4,2021-01-27 03:00:00,7135.8
DE5,2021-01-27 03:00:00,6586.89
DE6,2021-01-27 03:00:00,4391.26
DE7,2021-01-27 03:00:00,5489.08
DE8,2021-01-27 03:00:00,4940.17
DE9,2021-01-27 03:00:00,3293.45
DE0,2021-01-27 06:00:00,4806.5
DE1,2021-01-27 06:00:00,6608.94
DE2,2021-01-27 06:00:00,8411.37
DE3,2021-01-27 06:00:00,5407.31
DE4,2021-01-27 06:00:00,7810.56
DE5,2021-01-27 06:00:00,7209.75
DE6,2021-01-27 06:00:00,4806.5
DE7,2021-01-27 06:00:00,6008.12
DE8,2021-01-27 06:00:00,5407.31
DE9,2021-01-27 06:00:00,3604.87
DE0,2021-01-27 09:00:00,5198.08
DE1,2021-01-27 09:00:00,7147.35
DE2,2021-01-27 09:00:00,9096.63
DE3,2021-01-27 09:00:00,5847.84
DE4,2021-01-27 09:00:00,8446.87
DE5,2021-01-27 09:00:00,7797.11
DE6,2021-01-27 09:00:00,5198.08
DE7,2021-01-27 09:00:00,6497.6
DE8,2021-01-27 09:00:00,5847.84
DE9,2021-01-27 09:00:00,3898.56
DE0,2021-01-27 12:00:00,5336.61
DE1,2021-01-27 12:00:00,7337.84
DE2,2021-01-27 12:00:00,9339.07
DE3,2021-01-27 12:00:00,6003.69
DE4,2021-01-27 12:00:00,8671.99
DE5,2021-01-27 12:00:00,8004.92
DE6,2021-01-27 12:00:00,5336.61
DE7,2021-01-27 12:00:00,6670.76
DE8,2021-01-27 12:00:00,6003.69
DE9,2021-01-27 12:00:00,4002.46
DE0,2021-01-27 15:00:00,5140.95
DE1,2021-01-27 15:00:00,7068.81
DE2,2021-01-27 15:00:00,8996.66
DE3,2021-01-27 15:00:00,5783.57
DE4,2021-01-27 15:00:00,8354.04
DE5,2021-01-27 15:00:00,7711.43
DE6,2021-01-27 15:00:00,5140.95
DE7,2021-01-27 15:00:00,6426.19
DE8,2021-01-27 15:00:00,5783.57
DE9,2021-01-27 15:00:00,3855.71
DE0,2021-01-27 18:00:00,4725.71
DE1,2021-01-27 18:00:00,6497.85
DE2,2021-01-27 18:00:00,8270.0
DE3,2021-01-27 18:00:00,5316.43
DE4,2021-01-27 18:00:00,7679.28
DE5,2021-01-27 18:00:00,7088.57
DE6,2021-01-27 18:00:00,4725.71
DE7,2021-01-27 18:00:00,5907.14
DE8,2021-01-27 18:00:00,5316.43
DE9,2021-01-27 18:00:00,3544.28
DE0,2021-01-27 21:00:00,4334.14
DE1,2021-01-27 21:00:00,5959.44
DE2,2021-01-27 21:00:00,7584.74
DE3,2021-01-27 21:00:00,4875.9
DE4,2021-01-27 21:00:00,7042.97
DE5,2021-01-27 21:00:00,6501.2
DE6,2021-01-27 21:00:00,4334.14
DE7,2021-01-27 21:00:00,5417.67
DE8,2021-01-27 21:00:00,4875.9
DE9,2021-01-27 21:00:00,3250.6
DE0,2021-01-28 00:00:00,4366.4
DE1,2021-01-28 00:00:00,6003.8
DE2,2021-01-28 00:00:00,7641.2
DE3,2021-01-28 00:00:00,4912.2
DE4,2021-01-28 00:00:00,7095.4
DE5,2021-01-28 00:00:00,6549.6
DE6,2021-01-28 00:00:00,4366.4
DE7,2021-01-28 00:00:00,5458.0
DE8,2021-01-28 00:00:00,4912.2
DE9,2021-01-28 00:00:00,3274.8
DE0,2021-01-28 03:00:00,4571.08
DE1,2021-01-28 03:00:00,6285.24
DE2,2021-01-28 03:00:00,7999.4
DE3,2021-01-28 03:00:00,5142.47
DE4,2021-01-28 03:00:00,7428.01
DE5,2021-01-28 03:00:00,6856.63
DE6,2021-01-28 03:00:00,4571.08
DE7,2021-01-28 03:00:00,5713.86
DE8,2021-01-28 03:00:00,5142.47
DE9,2021-01-28 03:00:00,3428.31
DE0,2021-01-28 06:00:00,5003.59
DE1,2021-01-28 06:00:00,6879.94
DE2,2021-01-28 06:00:00,8756.28
DE3,2021-01-28 06:00:00,5629.04
DE4,2021-01-28 06:00:00,8130.84
DE5,2021-01-28 06:00:00,7505.39
DE6,2021-01-28 06:00:00,5003.59
DE7,2021-01-28 06:00:00,6254.49
DE8,2021-01-28 06:00:00,5629.04
DE9,2021-01-28 06:00:00,3752.69
DE0,2021-01-28 09:00:00,5410.56
DE1,2021-01-28 09:00:00,7439.52
DE2,2021-01-28 09:00:00,9468.49
DE3,2021-01-28 09:00:00,6086.88
DE4,2021-01-28 09:00:00,8792.17
DE5,2021-01-28 09:00:00,8115.85
DE6,2021-01-28 09:00:00,5410.56
DE7,2021-01-28 09:00:00,6763.2
DE8,2021-01-28 09:00:00,6086.88
DE9,2021-01-28 09:00:00,4057.92
DE0,2021-01-28 12:00:00,5553.6
DE1,2021-01-28 12:00:00,7636.2
DE2,2021-01-28 12:00:00,9718.8
DE3,2021-01-28 12:00:00,6247.8
DE4,2021-01-28 12:00:00,9024.6
DE5,2021-01-28 12:00:00,8330.4
DE6,2021-01-28 12:00:00,5553.6
DE7,2021-01-28 12:00:00,6942.0
DE8,2021-01-28 12:00:00,6247.8
DE9,2021-01-28 12:00:00,4165.2
DE0,2021-01-28 15:00:00,5348.92
DE1,2021-01-28 15:00:00,7354.76
DE2,2021-01-28 15:00:00,9360.6
DE3,2021-01-28 15:00:00,6017.53
DE4,2021-01-28 15:00:00,8691.99
DE5,2021-01-28 15:00:00,8023.37
DE6,2021-01-28 15:00:00,5348.92
DE7,2021-01-28 15:00:00,6686.14
DE8,2021-01-28 15:00:00,6017.53
DE9,2021-01-28 15:00:00,4011.69
DE0,2021-01-28 18:00:00,4916.41
DE1,2021-01-28 18:00:00,6760.06
DE2,2021-01-28 18:00:00,8603.72
DE3,2021-01-28 18:00:00,5530.96
DE4,2021-01-28 18:00:00,7989.16
DE5,2021-01-28 18:00:00,7374.61
DE6,2021-01-28 18:00:00,4916.41
DE7,2021-01-28 18:00:00,6145.51
DE8,2021-01-28 18:00:00,5530.96
DE9,2021-01-28 18:00:00,3687.31
DE0,2021-01-28 21:00:00,4509.44
DE1,2021-01-28 21:00:00,6200.48
DE2,2021-01-28 21:00:00,7891.51
DE3,2021-01-28 21:00:00,5073.12
DE4,2021-01-28 21:00:00,7327.83
DE5,2021-01-28 21:00:00,6764.15
DE6,2021-01-28 21:00:00,4509.44
DE7,2021-01-28 21:00:00,5636.8
DE8,2021-01-28 21:00:00,5073.12
DE9,2021-01-28 21:00:00,3382.08
DE0,2021-01-29 00:00:00,4537.21
DE1,2021-01-29 00:00:00,6238.66
DE2,2021-01-29 00:00:00,7940.11
DE3,2021-01-29 00:00:00,5104.36
DE4,2021-01-29 00:00:00,7372.96
DE5,2021-01-29 00:00:00,6805.81
DE6,2021-01-29 00:00:00,4537.21
DE7,2021-01-29 00:00:00,5671.51
DE8,2021-01-29 00:00:00,5104.36
DE9,2021-01-29 00:00:00,3402.91
DE0,2021-01-29 03:00:00,4751.0
DE1,2021-01-29 03:00:00,6532.63
DE2,2021-01-29 03:00:00,8314.25
DE3,2021-01-29 03:00:00,5344.88
DE4,2021-01-29 03:00:00,7720.38
DE5,2021-01-29 03:00:00,7126.5
DE6,2021-01-29 03:00:00,4751.0
DE7,2021-01-29 03:00:00,5938.75
DE8,2021-01-29 03:00:00,5344.88
DE9,2021-01-29 03:00:00,3563.25
DE0,2021-01-29 06:00:00,5200.8
DE1,2021-01-29 06:00:00,7151.11
DE2,2021-01-29 06:00:00,9101.41
DE3,2021-01-29 06:00:00,5850.9
DE4,2021-01-29 06:00:00,8451.31
DE5,2021-01-29 06:00:00,7801.21
DE6,2021-01-29 06:00:00,5200.8
DE7,2021-01-29 06:00:00,6501.01
DE8,2021-01-29 06:00:00,5850.9
DE9,2021-01-29 06:00:00,3900.6
DE0,2021-01-29 09:00:00,5623.13
DE1,2021-01-29 09:00:00,7731.8
DE2,2021-01-29 09:00:00,9840.47
DE3,2021-01-29 09:00:00,6326.02
DE4,2021-01-29 09:00:00,9137.58
DE5,2021-01-29 09:00:00,8434.69
DE6,2021-01-29 09:00:00,5623.13
DE7,2021-01-29 09:00:00,7028.91
DE8,2021-01-29 09:00:00,6326.02
DE9,2021-01-29 09:00:00,4217.35
DE0,2021-01-29 12:00:00,5770.58
DE1,2021-01-29 12:00:00,7934.55
DE2,2021-01-29 12:00:00,10098.51
DE3,2021-01-29 12:00:00,6491.9
DE4,2021-01-29 12:00:00,9377.19
DE5,2021-01-29 12:00:00,8655.87
DE6,2021-01-29 12:00:00,5770.58
DE7,2021-01-29 12:00:00,7213.22
DE8,2021-01-29 12:00:00,6491.9
DE9,2021-01-29 12:00:00,4327.93
DE0,2021-01-29 15:00:00,5556.79
DE1,2021-01-29 15:00:00,7640.58
DE2,2021-01-29 15:00:00,9724.38
DE3,2021-01-29 15:00:00,6251.38
DE4,2021-01-29 15:00:00,9029.78
DE5,2021-01-29 15:00:00,8335.18
DE6,2021-01-29 15:00:00,5556.79
DE7,2021-01-29 15:00:00,6945.98
DE8,2021-01-29 15:00:00,6251.38
DE9,2021-01-29 15:00:00,4167.59
DE0,2021-01-29 18:00:00,5106.98
DE1,2021-01-29 18:00:00,7022.1
DE2,2021-01-29 18:00:00,8937.22
DE3,2021-01-29 18:00:00,5745.36
DE4,2021-01-29 18:00:00,8298.85
DE5,2021-01-29 18:00:00,7660.48
DE6,2021-01-29 18:00:00,5106.98
DE7,2021-01-29 18:00:00,6383.73
DE8,2021-01-29 18:00:00,5745.36
DE9,2021-01-29 18:00:00,3830.24
DE0,2021-01-29 21:00:00,4684.66
DE1,2021-01-29 21:00:00,6441.41
DE2,2021-01-29 21:00:00,8198.16
DE3,2021-01-29 21:00:00,5270.24
DE4,2021-01-29 21:00:00,7612.57
DE5,2021-01-29 21:00:00,7026.99
DE6,2021-01-29 21:00:00,4684.66
DE7,2021-01-29 21:00:00,5855.83
DE8,2021-01-29 21:00:00,5270.24
DE9,2021-01-29 21:00:00,3513.5
DE0,2021-01-30 00:00:00,4579.49
DE1,2021-01-30 00:00:00,6296.8
DE2,2021-01-30 00:00:00,8014.11
DE3,2021-01-30 00:00:00,5151.93
DE4,2021-01-30 00:00:00,7441.68
DE5,2021-01-30 00:00:00,6869.24
DE6,2021-01-30 00:00:00,4579.49
DE7,2021-01-30 00:00:00,5724.37
DE8,2021-01-30 00:00:00,5151.93
DE9,2021-01-30 00:00:00,3434.62
DE0,2021-01-30 03:00:00,4796.39
DE1,2021-01-30 03:00:00,6595.03
DE2,2021-01-30 03:00:00,8393.68
DE3,2021-01-30 03:00:00,5395.94
DE4,2021-01-30 03:00:00,7794.13
DE5,2021-01-30 03:00:00,7194.58
DE6,2021-01-30 03:00:00,4796.39
DE7,2021-01-30 03:00:00,5995.48
DE8,2021-01-30 03:00:00,5395.94
DE9,2021-01-30 03:00:00,3597.29
DE0,2021-01-30 06:00:00,5250.76
DE1,2021-01-30 06:00:00,7219.79
DE2,2021-01-30 06:00:00,9188.83
DE3,2021-01-30 06:00:00,5907.1
DE4,2021-01-30 06:00:00,8532.48
DE5,2021-01-30 06:00:00,7876.14
DE6,2021-01-30 06:00:00,5250.76
DE7,2021-01-30 06:00:00,6563.45
DE8,2021-01-30 06:00:00,5907.1
DE9,2021-01-30 06:00:00,3938.07
DE0,2021-01-30 09:00:00,5676.44
DE1,2021-01-30 09:00:00,7805.1
DE2,2021-01-30 09:00:00,9933.77
DE3,2021-01-30 09:00:00,6385.99
DE4,2021-01-30 09:00:00,9224.21
DE5,2021-01-30 09:00:00,8514.66
DE6,2021-01-30 09:00:00,5676.44
DE7,2021-01-30 09:00:00,7095.55
DE8,2021-01-30 09:00:00,6385.99
DE9,2021-01-30 09:00:00,4257.33
DE0,2021-01-30 12:00:00,5824.07
DE1,2021-01-30 12:00:00,8008.1
DE2,2021-01-30 12:00:00,10192.13
DE3,2021-01-30 12:00:00,6552.08
DE4,2021-01-30 12:00:00,9464.12
DE5,2021-01-30 12:00:00,8736.11
DE6,2021-01-30 12:00:00,5824.07
DE7,2021-01-30 12:00:00,7280.09
DE8,2021-01-30 12:00:00,6552.08
DE9,2021-01-30 12:00:00,4368.05
DE0,2021-01-30 15:00:00,5607.18
DE1,2021-01-30 15:00:00,7709.87
DE2,2021-01-30 15:00:00,9812.56
DE3,2021-01-30 15:00:00,6308.07
DE4,2021-01-30 15:00:00,9111.66
DE5,2021-01-30 15:00:00,8410.76
DE6,2021-01-30 15:00:00,5607.18
DE7,2021-01-30 15:00:00,7008.97
DE8,2021-01-30 15:00:00,6308.07
DE9,2021-01-30 15:00:00,4205.38
DE0,2021-01-30 18:00:00,5152.81
DE1,2021-01-30 18:00:00,7085.11
DE2,2021-01-30 18:00:00,9017.41
DE3,2021-01-30 18:00:00,5796.91
DE4,2021-01-30 18:00:00,8373.31
DE5,2021-01-30 18:00:00,7729.21
DE6,2021-01-30 18:00:00,5152.81
DE7,2021-01-30 18:00:00,6441.01
DE8,2021-01-30 18:00:00,5796.91
DE9,2021-01-30 18:00:00,3864.61
DE0,2021-01-30 21:00:00,4727.13
DE1,2021-01-30 21:00:00,6499.8
DE2,2021-01-30 21:00:00,8272.47
DE3,2021-01-30 21:00:00,5318.02
DE4,2021-01-30 21:00:00,7681.58
DE5,2021-01-30 21:00:00,7090.69
DE6,2021-01-30 21:00:00,4727.13
DE7,2021-01-30 21:00:00,5908.91
DE8,2021-01-30 21:00:00,5318.02
DE9,2021-01-30 21:00:00,3545.34
DE0,2021-01-31 00:00:00,4461.49
DE1,2021-01-31 00:00:00,6134.55
DE2,2021-01-31 00:00:00,7807.61
DE3,2021-01-31 00:00:00,5019.18
DE4,2021-01-31 00:00:00,7249.93
DE5,2021-01-31 00:00:00,6692.24
DE6,2021-01-31 00:00:00,4461.49
DE7,2021-01-31 00:00:00,5576.87
DE8,2021-01-31 00:00:00,5019.18
DE9,2021-01-31 00:00:00,3346.12
DE0,2021-01-31 03:00:00,4673.88
DE1,2021-01-31 03:00:00,6426.58
DE2,2021-01-31 03:00:00,8179.29
DE3,2021-01-31 03:00:00,5258.11
DE4,2021-01-31 03:00:00,7595.05
DE5,2021-01-31 03:00:00,7010.82
DE6,2021-01-31 03:00:00,4673.88
DE7,2021-01-31 03:00:00,5842.35
DE8,2021-01-31 03:00:00,5258.11
DE9,2021-01-31 03:00:00,3505.41
DE0,2021-01-31 06:00:00,5116.9
DE1,2021-01-31 06:00:00,7035.74
DE2,2021-01-31 06:00:00,8954.58
DE3,2021-01-31 06:00:00,5756.51
DE4,2021-01-31 06:00:00,8314.97
DE5,2021-01-31 06:00:00,7675.35
DE6,2021-01-31 06:00:00,5116.9
DE7,2021-01-31 06:00:00,6396.13
DE8,2021-01-31 06:00:00,5756.51
DE9,2021-01-31 06:00:00,3837.68
DE0,2021-01-31 09:00:00,5531.05
DE1,2021-01-31 09:00:00,7605.19
DE2,2021-01-31 09:00:00,9679.33
DE3,2021-01-31 09:00:00,6222.43
DE4,2021-01-31 09:00:00,8987.95
DE5,2021-01-31 09:00:00,8296.57
DE6,2021-01-31 09:00:00,5531.05
DE7,2021-01-31 09:00:00,6913.81
DE8,2021-01-31 09:00:00,6222.43
DE9,2021-01-31 09:00:00,4148.29
DE0,2021-01-31 12:00:00,5673.71
DE1,2021-01-31 12:00:00,7801.36
DE2,2021-01-31 12:00:00,9929.0
DE3,2021-01-31 12:00:00,6382.93
DE4,2021-01-31 12:00:00,9219.79
DE5,2021-01-31 12:00:00,8510.57
DE6,2021-01-31 12:00:00,5673.71
DE7,2021-01-31 12:00:00,7092.14
DE8,2021-01-31 12:00:00,6382.93
DE9,2021-01-31 12:00:00,4255.29
DE0,2021-01-31 15:00:00,5461.33
DE1,2021-01-31 15:00:00,7509.33
DE2,2021-01-31 15:00:00,9557.33
DE3,2021-01-31 15:00:00,6143.99
DE4,2021-01-31 15:00:00,8874.66
DE5,2021-01-31 15:00:00,8191.99
DE6,2021-01-31 15:00:00,5461.33
DE7,2021-01-31 15:00:00,6826.66
DE8,2021-01-31 15:00:00,6143.99
DE9,2021-01-31 15:00:00,4096.0
DE0,2021-01-31 18:00:00,5018.3
DE1,2021-01-31 18:00:00,6900.17
DE2,2021-01-31 18:00:00,8782.03
DE3,2021-01-31 18:00:00,5645.59
DE4,2021-01-31 18:00:00,8154.74
DE5,2021-01-31 18:00:00,7527.46
DE6,2021-01-31 18:00:00,5018.3
DE7,2021-01-31 18:00:00,6272.88
DE8,2021-01-31 18:00:00,5645.59
DE9,2021-01-31 18:00:00,3763.73
DE0,2021-01-31 21:00:00,4604.16
DE1,2021-01-31 21:00:00,6330.72
DE2,2021-01-31 21:00:00,8057.28
DE3,2021-01-31 21:00:00,5179.68
DE4,2021-01-31 21:00:00,7481.76
DE5,2021-01-31 21:00:00,6906.24
DE6,2021-01-31 21:00:00,4604.16
DE7,2021-01-31 21:00:00,5755.2
DE8,2021-01-31 21:00:00,5179.68
DE9,2021-01-31 21:00:00,3453.12
DE0,2021-02-01 00:00:00,4272.15
DE1,2021-02-01 00:00:00,5874.21
DE2,2021-02-01 00:00:00,7476.26
DE3,2021-02-01 00:00:00,4806.17
DE4,2021-02-01 00:00:00,6942.25
DE5,2021-02-01 00:00:00,6408.23
DE6,2021-02-01 00:00:00,4272.15
DE7,2021-02-01 00:00:00,5340.19
DE8,2021-02-01 00:00:00,4806.17
DE9,2021-02-01 00:00:00,3204.11
DE0,2021-02-01 03:00:00,4476.55
DE1,2021-02-01 03:00:00,6155.26
DE2,2021-02-01 03:00:00,7833.97
DE3,2021-02-01 03:00:00,5036.12
DE4,2021-02-01 03:00:00,7274.4
DE5,2021-02-01 03:00:00,6714.83
DE6,2021-02-01 03:00:00,4476.55
DE7,2021-02-01 03:00:00,5595.69
DE8,2021-02-01 03:00:00,5036.12
DE9,2021-02-01 03:00:00,3357.42
DE0,2021-02-01 06:00:00,4901.12
DE1,2021-02-01 06:00:00,6739.04
DE2,2021-02-01 06:00:00,8576.96
DE3,2021-02-01 06:00:00,5513.76
DE4,2021-02-01 06:00:00,7964.32
DE5,2021-02-01 06:00:00,7351.68
DE6,2021-02-01 06:00:00,4901.12
DE7,2021-02-01 06:00:00,6126.4
DE8,2021-02-01 06:00:00,5513.76
DE9,2021-02-01 06:00:00,3675.84
DE0,2021-02-01 09:00:00,5297.15
DE1,2021-02-01 09:00:00,7283.58
DE2,2021-02-01 09:00:00,9270.01
DE3,2021-02-01 09:00:00,5959.29
DE4,2021-02-01 09:00:00,8607.86
DE5,2021-02-01 09:00:00,7945.72
DE6,2021-02-01 09:00:00,5297.15
DE7,2021-02-01 09:00:00,6621.43
DE8,2021-02-01 09:00:00,5959.29
DE9,2021-02-01 09:00:00,3972.86
DE0,2021-02-01 12:00:00,5432.64
DE1,2021-02-01 12:00:00,7469.88
DE2,2021-02-01 12:00:00,9507.12
DE3,2021-02-01 12:00:00,6111.72
DE4,2021-02-01 12:00:00,8828.04
DE5,2021-02-01 12:00:00,8148.96
DE6,2021-02-01 12:00:00,5432.64
DE7,2021-02-01 12:00:00,6790.8
DE8,2021-02-01 12:00:00,6111.72
DE9,2021-02-01 12:00:00,4074.48
DE0,2021-02-01 15:00:00,5228.24
DE1,2021-02-01 15:00:00,7188.83
DE2,2021-02-01 15:00:00,9149.42
DE3,2021-02-01 15:00:00,5881.77
DE4,2021-02-01 15:00:00,8495.89
DE5,2021-02-01 15:00:00,7842.36
DE6,2021-02-01 15:00:00,5228.24
DE7,2021-02-01 15:00:00,6535.3
DE8,2021-02-01 15:00:00,5881.77
DE9,2021-02-01 15:00:00,3921.18
DE0,2021-02-01 18:00:00,4803.67
DE1,2021-02-01 18:00:00,6605.05
DE2,2021-02-01 18:00:00,8406.43
DE3,2021-02-01 18:00:00,5404.13
DE4,2021-02-01 18:00:00,7805.97
DE5,2021-02-01 18:00:00,7205.51
DE6,2021-02-01 18:00:00,4803.67
DE7,2021-02-01 18:00:00,6004.59
DE8,2021-02-01 18:00:00,5404.13
DE9,2021-02-01 18:00:00,3602.75
DE0,2021-02-01 21:00:00,4407.65
DE1,2021-02-01 21:00:00,6060.52
DE2,2021-02-01 21:00:00,7713.38
DE3,2021-02-01 21:00:00,4958.6
DE4,2021-02-01 21:00:00,7162.43
DE5,2021-02-01 21:00:00,6611.47
DE6,2021-02-01 21:00:00,4407.65
DE7,2021-02-01 21:00:00,5509.56
DE8,2021-02-01 21:00:00,4958.6
DE9,2021-02-01 21:00:00,3305.74
DE0,2021-02-02 00:00:00,4154.14
DE1,2021-02-02 00:00:00,5711.95
DE2,2021-02-02 00:00:00,7269.75
DE3,2021-02-02 00:00:00,4673.41
DE4,2021-02-02 00:00:00,6750.48
DE5,2021-02-02 00:00:00,6231.22
DE6,2021-02-02 00:00:00,4154.14
DE7,2021-02-02 00:00:00,5192.68
DE8,2021-02-02 00:00:00,4673.41
DE9,2021-02-02 00:00:00,3115.61
DE0,2021-02-02 03:00:00,4353.9
DE1,2021-02-02 03:00:00,5986.62
DE2,2021-02-02 03:00:00,7619.33
DE3,2021-02-02 03:00:00,4898.14
DE4,2021-02-02 03:00:00,7075.09
DE5,2021-02-02 03:00:00,6530.85
DE6,2021-02-02 03:00:00,4353.9
DE7,2021-02-02 03:00:00,5442.38
DE8,2021-02-02 03:00:00,4898.14
DE9,2021-02-02 03:00:00,3265.43
DE0,2021-02-02 06:00:00,4767.07
DE1,2021-02-02 06:00:00,6554.72
DE2,2021-02-02 06:00:00,8342.38
DE3,2021-02-02 06:00:00,5362.96
DE4,2021-02-02 06:00:00,7746.49
DE5,2021-02-02 06:00:00,7150.61
DE6,2021-02-02 06:00:00,4767.07
DE7,2021-02-02 06:00:00,5958.84
DE8,2021-02-02 06:00:00,5362.96
DE9,2021-02-02 06:00:00,3575.3
DE0,2021-02-02 09:00:00,5151.62
DE1,2021-02-02 09:00:00,7083.48
DE2,2021-02-02 09:00:00,9015.34
DE3,2021-02-02 09:00:00,5795.58
DE4,2021-02-02 09:00:00,8371.39
DE5,2021-02-02 09:00:00,7727.44
DE6,2021-02-02 09:00:00,5151.62
DE7,2021-02-02 09:00:00,6439.53
DE8,2021-02-02 09:00:00,5795.58
DE9,2021-02-02 09:00:00,3863.72
DE0,2021-02-02 12:00:00,5282.29
DE1,2021-02-02 12:00:00,7263.15
DE2,2021-02-02 12:00:00,9244.01
DE3,2021-02-02 12:00:00,5942.58
DE4,2021-02-02 12:00:00,8583.73
DE5,2021-02-02 12:00:00,7923.44
DE6,2021-02-02 12:00:00,5282.29
DE7,2021-02-02 12:00:00,6602.87
DE8,2021-02-02 12:00:00,5942.58
DE9,2021-02-02 12:00:00,3961.72
DE0,2021-02-02 15:00:00,5082.53
DE1,2021-02-02 15:00:00,6988.48
DE2,2021-02-02 15:00:00,8894.43
DE3,2021-02-02 15:00:00,5717.85
DE4,2021-02-02 15:00:00,8259.12
DE5,2021-02-02 15:00:00,7623.8
DE6,2021-02-02 15:00:00,5082.53
DE7,2021-02-02 15:00:00,6353.17
DE8,2021-02-02 15:00:00,5717.85
DE9,2021-02-02 15:00:00,3811.9
DE0,2021-02-02 18:00:00,4669.36
DE1,2021-02-02 18:00:00,6420.38
DE2,2021-02-02 18:00:00,8171.39
DE3,2021-02-02 18:00:00,5253.03
DE4,2021-02-02 18:00:00,7587.72
DE5,2021-02-02 18:00:00,7004.05
DE6,2021-02-02 18:00:00,4669.36
DE7,2021-02-02 18:00:00,5836.7
DE8,2021-02-02 18:00:00,5253.03
DE9,2021-02-02 18:00:00,3502.02
DE0,2021-02-02 21:00:00,4284.81
DE1,2021-02-02 21:00:00,5891.62
DE2,2021-02-02 21:00:00,7498.42
DE3,2021-02-02 21:00:00,4820.41
DE4,2021-02-02 21:00:00,6962.82
DE5,2021-02-02 21:00:00,6427.22
DE6,2021-02-02 21:00:00,4284.81
DE7,2021-02-02 21:00:00,5356.01
DE8,2021-02-02 21:00:00,4820.41
DE9,2021-02-02 21:00:00,3213.61
DE0,2021-02-03 00:00:00,4196.44
DE1,2021-02-03 00:00:00,5770.1
DE2,2021-02-03 00:00:00,7343.77
DE3,2021-02-03 00:00:00,4720.99
DE4,2021-02-03 00:00:00,6819.21
DE5,2021-02-03 00:00:00,6294.66
DE6,2021-02-03 00:00:00,4196.44
DE7,2021-02-03 00:00:00,5245.55
DE8,2021-02-03 00:00:00,4720.99
DE9,2021-02-03 00:00:00,3147.33
DE0,2021-02-03 03:00:00,4399.24
DE1,2021-02-03 03:00:00,6048.95
DE2,2021-02-03 03:00:00,7698.67
DE3,2021-02-03 03:00:00,4949.14
DE4,2021-02-03 03:00:00,7148.76
DE5,2021-02-03 03:00:00,6598.86
DE6,2021-02-03 03:00:00,4399.24
DE7,2021-02-03 03:00:00,5499.05
DE8,2021-02-03 03:00:00,4949.14
DE9,2021-02-03 03:00:00,3299.43
DE0,2021-02-03 06:00:00,4816.95
DE1,2021-02-03 06:00:00,6623.3
DE2,2021-02-03 06:00:00,8429.66
DE3,2021-02-03 06:00:00,5419.07
DE4,2021-02-03 06:00:00,7827.54
DE5,2021-02-03 06:00:00,7225.42
DE6,2021-02-03 06:00:00,4816.95
DE7,2021-02-03 06:00:00,6021.18
DE8,2021-02-03 06:00:00,5419.07
DE9,2021-02-03 06:00:00,3612.71
DE0,2021-02-03 09:00:00,5204.87
DE1,2021-02-03 09:00:00,7156.7
DE2,2021-02-03 09:00:00,9108.53
DE3,2021-02-03 09:00:00,5855.48
DE4,2021-02-03 09:00:00,8457.92
DE5,2021-02-03 09:00:00,7807.31
DE6,2021-02-03 09:00:00,5204.87
DE7,2021-02-03 09:00:00,6506.09
DE8,2021-02-03 09:00:00,5855.48
DE9,2021-02-03 09:00:00,3903.65
DE0,2021-02-03 12:00:00,5335.77
DE1,2021-02-03 12:00:00,7336.69
DE2,2021-02-03 12:00:00,9337.6
DE3,2021-02-03 12:00:00,6002.75
DE4,2021-02-03 12:00:00,8670.63
DE5,2021-02-03 12:00:00,8003.66
DE6,2021-02-03 12:00:00,5335.77
DE7,2021-02-03 12:00:00,6669.72
DE8,2021-02-03 12:00:00,6002.75
DE9,2021-02-03 12:00:00,4001.83
DE0,2021-02-03 15:00:00,5132.97
DE1,2021-02-03 15:00:00,7057.84
DE2,2021-02-03 15:00:00,8982.7
DE3,2021-02-03 15:00:00,5774.59
DE4,2021-02-03 15:00:00,8341.08
DE5,2021-02-03 15:00:00,7699.46
DE6,2021-02-03 15:00:00,5132.97
DE7,2021-02-03 15:00:00,6416.21
DE8,2021-02-03 15:00:00,5774.59
DE9,2021-02-03 15:00:00,3849.73
DE0,2021-02-03 18:00:00,4715.26
DE1,2021-02-03 18:00:00,6483.49
DE2,2021-02-03 18:00:00,8251.71
DE3,2021-02-03 18:00:00,5304.67
DE4,2021-02-03 18:00:00,7662.3
DE5,2021-02-03 18:00:00,7072.9
DE6,2021-02-03 18:00:00,4715.26
DE7,2021-02-03 18:00:00,5894.08
DE8,2021-02-03 18:00:00,5304.67
DE9,2021-02-03 18:00:00,3536.45
DE0,2021-02-03 21:00:00,4327.34
DE1,2021-02-03 21:00:00,5950.09
DE2,2021-02-03 21:00:00,7572.84
DE3,2021-02-03 21:00:00,4868.26
DE4,2021-02-03 21:00:00,7031.93
DE5,2021-02-03 21:00:00,6491.01
DE6,2021-02-03 21:00:00,4327.34
DE7,2021-02-03 21:00:00,5409.17
DE8,2021-02-03 21:00:00,4868.26
DE9,2021-02-03 21:00:00,3245.5
DE0,2021-02-04 00:00:00,4367.3
DE1,2021-02-04 00:00:00,6005.03
DE2,2021-02-04 00:00:00,7642.77
DE3,2021-02-04 00:00:00,4913.21
DE4,2021-02-04 00:00:00,7096.86
DE5,2021-02-04 00:00:00,6550.95
DE6,2021-02-04 00:00:00,4367.3
DE7,2021-02-04 00:00:00,5459.12
DE8,2021-02-04 00:00:00,4913.21
DE9,2021-02-04 00:00:00,3275.47
DE0,2021-02-04 03:00:00,4579.41
DE1,2021-02-04 03:00:00,6296.68
DE2,2021-02-04 03:00:00,8013.96
DE3,2021-02-04 03:00:00,5151.83
DE4,2021-02-04 03:00:00,7441.53
DE5,2021-02-04 03:00:00,6869.11
DE6,2021-02-04 03:00:00,4579.41
DE7,2021-02-04 03:00:00,5724.26
DE8,2021-02-04 03:00:00,5151.83
DE9,2021-02-04 03:00:00,3434.55
DE0,2021-02-04 06:00:00,5014.46
DE1,2021-02-04 06:00:00,6894.88
DE2,2021-02-04 06:00:00,8775.31
DE3,2021-02-04 06:00:00,5641.27
DE4,2021-02-04 06:00:00,8148.5
DE5,2021-02-04 06:00:00,7521.69
DE6,2021-02-04 06:00:00,5014.46
DE7,2021-02-04 06:00:00,6268.08
DE8,2021-02-04 06:00:00,5641.27
DE9,2021-02-04 06:00:00,3760.85
DE0,2021-02-04 09:00:00,5417.61
DE1,2021-02-04 09:00:00,7449.22
DE2,2021-02-04 09:00:00,9480.83
DE3,2021-02-04 09:00:00,6094.82
DE4,2021-02-04 09:00:00,8803.62
DE5,2021-02-04 09:00:00,8126.42
DE6,2021-02-04 09:00:00,5417.61
DE7,2021-02-04 09:00:00,6772.02
DE8,2021-02-04 09:00:00,6094.82
DE9,2021-02-04 09:00:00,4063.21
DE0,2021-02-04 12:00:00,5552.7
DE1,2021-02-04 12:00:00,7634.97
DE2,2021-02-04 12:00:00,9717.23
DE3,2021-02-04 12:00:00,6246.79
DE4,2021-02-04 12:00:00,9023.14
DE5,2021-02-04 12:00:00,8329.05
DE6,2021-02-04 12:00:00,5552.7
DE7,2021-02-04 12:00:00,6940.88
DE8,2021-02-04 12:00:00,6246.79
DE9,2021-02-04 12:00:00,4164.53
DE0,2021-02-04 15:00:00,5340.59
DE1,2021-02-04 15:00:00,7343.32
DE2,2021-02-04 15:00:00,9346.04
DE3,2021-02-04 15:00:00,6008.17
DE4,2021-02-04 15:00:00,8678.47
DE5,2021-02-04 15:00:00,8010.89
DE6,2021-02-04 15:00:00,5340.59
DE7,2021-02-04 15:00:00,6675.74
DE8,2021-02-04 15:00:00,6008.17
DE9,2021-02-04 15:00:00,4005.45
DE0,2021-02-04 18:00:00,4905.54
DE1,2021-02-04 18:00:00,6745.12
DE2,2021-02-04 18:00:00,8584.69
DE3,2021-02-04 18:00:00,5518.73
DE4,2021-02-04 18:00:00,7971.5
DE5,2021-02-04 18:00:00,7358.31
DE6,2021-02-04 18:00:00,4905.54
DE7,2021-02-04 18:00:00,6131.92
DE8,2021-02-04 18:00:00,5518.73
DE9,2021-02-04 18:00:00,3679.15
DE0,2021-02-04 21:00:00,4502.39
DE1,2021-02-04 21:00:00,6190.78
DE2,2021-02-04 21:00:00,7879.17
DE3,2021-02-04 21:00:00,5065.18
DE4,2021-02-04 21:00:00,7316.38
DE5,2021-02-04 21:00:00,6753.58
DE6,2021-02-04 21:00:00,4502.39
DE7,2021-02-04 21:00:00,5627.98
DE8,2021-02-04 21:00:00,5065.18
DE9,2021-02-04 21:00:00,3376.79
DE0,2021-02-05 00:00:00,4538.17
DE1,2021-02-05 00:00:00,6239.99
DE2,2021-02-05 00:00:00,7941.8
DE3,2021-02-05 00:00:00,5105.44
DE4,2021-02-05 00:00:00,7374.53
DE5,2021-02-05 00:00:00,6807.26
DE6,2021-02-05 00:00:00,4538.17
DE7,2021-02-05 00:00:00,5672.71
DE8,2021-02-05 00:00:00,5105.44
DE9,2021-02-05 00:00:00,3403.63
DE0,2021-02-05 03:00:00,4759.67
DE1,2021-02-05 03:00:00,6544.54
DE2,2021-02-05 03:00:00,8329.42
DE3,2021-02-05 03:00:00,5354.63
DE4,2021-02-05 03:00:00,7734.46
DE5,2021-02-05 03:00:00,7139.5
DE6,2021-02-05 03:00:00,4759.67
DE7,2021-02-05 03:00:00,5949.59
DE8,2021-02-05 03:00:00,5354.63
DE9,2021-02-05 03:00:00,3569.75
DE0,2021-02-05 06:00:00,5212.1
DE1,2021-02-05 06:00:00,7166.63
DE2,2021-02-05 06:00:00,9121.17
DE3,2021-02-05 06:00:00,5863.61
DE4,2021-02-05 06:00:00,8469.66
DE5,2021-02-05 06:00:00,7818.15
DE6,2021-02-05 06:00:00,5212.1
DE7,2021-02-05 06:00:00,6515.12
DE8,2021-02-05 06:00:00,5863.61
DE9,2021-02-05 06:00:00,3909.07
DE0,2021-02-05 09:00:00,5630.43
DE1,2021-02-05 09:00:00,7741.84
DE2,2021-02-05 09:00:00,9853.26
DE3,2021-02-05 09:00:00,6334.24
DE4,2021-02-05 09:00:00,9149.45
DE5,2021-02-05 09:00:00,8445.65
DE6,2021-02-05 09:00:00,5630.43
DE7,2021-02-05 09:00:00,7038.04
DE8,2021-02-05 09:00:00,6334.24
DE9,2021-02-05 09:00:00,4222.82
DE0,2021-02-05 12:00:00,5769.62
DE1,2021-02-05 12:00:00,7933.22
DE2,2021-02-05 12:00:00,10096.83
DE3,2021-02-05 12:00:00,6490.82
DE4,2021-02-05 12:00:00,9375.63
DE5,2021-02-05 12:00:00,8654.43
DE6,2021-02-05 12:00:00,5769.62
DE7,2021-02-05 12:00:00,7212.02
DE8,2021-02-05 12:00:00,6490.82
DE9,2021-02-05 12:00:00,4327.21
DE0,2021-02-05 15:00:00,5548.12
DE1,2021-02-05 15:00:00,7628.67
DE2,2021-02-05 15:00:00,9709.21
DE3,2021-02-05 15:00:00,6241.64
DE4,2021-02-05 15:00:00,9015.7
DE5,2021-02-05 15:00:00,8322.18
DE6,2021-02-05 15:00:00,5548.12
DE7,2021-02-05 15:00:00,6935.15
DE8,2021-02-05 15:00:00,6241.64
DE9,2021-02-05 15:00:00,4161.09
DE0,2021-02-05 18:00:00,5095.69
DE1,2021-02-05 18:00:00,7006.58
DE2,2021-02-05 18:00:00,8917.46
DE3,2021-02-05 18:00:00,5732.65
DE4,2021-02-05 18:00:00,8280.5
DE5,2021-02-05 18:00:00,7643.54
DE6,2021-02-05 18:00:00,5095.69
DE7,2021-02-05 18:00:00,6369.61
DE8,2021-02-05 18:00:00,5732.65
DE9,2021-02-05 18:00:00,3821.77
DE0,2021-02-05 21:00:00,4677.36
DE1,2021-02-05 21:00:00,6431.37
DE2,2021-02-05 21:00:00,8185.37
DE3,2021-02-05 21:00:00,5262.03
DE4,2021-02-05 21:00:00,7600.71
DE5,2021-02-05 21:00:00,7016.04
DE6,2021-02-05 21:00:00,4677.36
DE7,2021-02-05 21:00:00,5846.7
DE8,2021-02-05 21:00:00,5262.03
DE9,2021-02-05 21:00:00,3508.02
DE0,2021-02-06 00:00:00,4580.49
DE1,2021-02-06 00:00:00,6298.18
DE2,2021-02-06 00:00:00,8015.87
DE3,2021-02-06 00:00:00,5153.06
DE4,2021-02-06 00:00:00,7443.3
DE5,2021-02-06 00:00:00,6870.74
DE6,2021-02-06 00:00:00,4580.49
DE7,2021-02-06 00:00:00,5725.62
DE8,2021-02-06 00:00:00,5153.06
DE9,2021-02-06 00:00:00,3435.37
DE0,2021-02-06 03:00:00,4805.15
DE1,2021-02-06 03:00:00,6607.09
DE2,2021-02-06 03:00:00,8409.02
DE3,2021-02-06 03:00:00,5405.8
DE4,2021-02-06 03:00:00,7808.37
DE5,2021-02-06 03:00:00,7207.73
DE6,2021-02-06 03:00:00,4805.15
DE7,2021-02-06 03:00:00,6006.44
DE8,2021-02-06 03:00:00,5405.8
DE9,2021-02-06 03:00:00,3603.87
DE0,2021-02-06 06:00:00,5262.15
DE1,2021-02-06 06:00:00,7235.46
DE2,2021-02-06 06:00:00,9208.77
DE3,2021-02-06 06:00:00,5919.92
DE4,2021-02-06 06:00:00,8551.0
DE5,2021-02-06 06:00:00,7893.23
DE6,2021-02-06 06:00:00,5262.15
DE7,2021-02-06 06:00:00,6577.69
DE8,2021-02-06 06:00:00,5919.92
DE9,2021-02-06 06:00:00,3946.61
DE0,2021-02-06 09:00:00,5683.79
DE1,2021-02-06 09:00:00,7815.21
DE2,2021-02-06 09:00:00,9946.63
DE3,2021-02-06 09:00:00,6394.26
DE4,2021-02-06 09:00:00,9236.15
DE5,2021-02-06 09:00:00,8525.68
DE6,2021-02-06 09:00:00,5683.79
DE7,2021-02-06 09:00:00,7104.73
DE8,2021-02-06 09:00:00,6394.26
DE9,2021-02-06 09:00:00,4262.84
DE0,2021-02-06 12:00:00,5823.07
DE1,2021-02-06 12:00:00,8006.72
DE2,2021-02-06 12:00:00,10190.37
DE3,2021-02-06 12:00:00,6550.95
DE4,2021-02-06 12:00:00,9462.49
DE5,2021-02-06 12:00:00,8734.6
DE6,2021-02-06 12:00:00,5823.07
DE7,2021-02-06 12:00:00,7278.84
DE8,2021-02-06 12:00:00,6550.95
DE9,2021-02-06 12:00:00,4367.3
DE0,2021-02-06 15:00:00,5598.41
DE1,2021-02-06 15:00:00,7697.81
DE2,2021-02-06 15:00:00,9797.22
DE3,2021-02-06 15:00:00,6298.21
DE4,2021-02-06 15:00:00,9097.42
DE5,2021-02-06 15:00:00,8397.62
DE6,2021-02-06 15:00:00,5598.41
DE7,2021-02-06 15:00:00,6998.01
DE8,2021-02-06 15:00:00,6298.21
DE9,2021-02-06 15:00:00,4198.81
DE0,2021-02-06 18:00:00,5141.41
DE1,2021-02-06 18:00:00,7069.44
DE2,2021-02-06 18:00:00,8997.47
DE3,2021-02-06 18:00:00,5784.09
DE4,2021-02-06 18:00:00,8354.79
DE5,2021-02-06 18:00:00,7712.12
DE6,2021-02-06 18:00:00,5141.41
DE7,2021-02-06 18:00:00,6426.76
DE8,2021-02-06 18:00:00,5784.09
DE9,2021-02-06 18:00:00,3856.06
DE0,2021-02-06 21:00:00,4719.78
DE1,2021-02-06 21:00:00,6489.69
DE2,2021-02-06 21:00:00,8259.61
DE3,2021-02-06 21:00:00,5309.75
DE4,2021-02-06 21:00:00,7669.64
DE5,2021-02-06 21:00:00,7079.67
DE6,2021-02-06 21:00:00,4719.78
DE7,2021-02-06 21:00:00,5899.72
DE8,2021-02-06 21:00:00,5309.75
DE9,2021-02-06 21:00:00,3539.83
DE0,2021-02-07 00:00:00,4462.5
DE1,2021-02-07 00:00:00,6135.93
DE2,2021-02-07 00:00:00,7809.37
DE3,2021-02-07 00:00:00,5020.31
DE4,2021-02-07 00:00:00,7251.56
DE5,2021-02-07 00:00:00,6693.75
DE6,2021-02-07 00:00:00,4462.5
DE7,2021-02-07 00:00:00,5578.12
DE8,2021-02-07 00:00:00,5020.31
DE9,2021-02-07 00:00:00,3346.87
DE0,2021-02-07 03:00:00,4682.44
DE1,2021-02-07 03:00:00,6438.35
DE2,2021-02-07 03:00:00,8194.26
DE3,2021-02-07 03:00:00,5267.74
DE4,2021-02-07 03:00:00,7608.96
DE5,2021-02-07 03:00:00,7023.65
DE6,2021-02-07 03:00:00,4682.44
DE7,2021-02-07 03:00:00,5853.05
DE8,2021-02-07 03:00:00,5267.74
DE9,2021-02-07 03:00:00,3511.83
DE0,2021-02-07 06:00:00,5128.0
DE1,2021-02-07 06:00:00,7051.0
DE2,2021-02-07 06:00:00,8974.0
DE3,2021-02-07 06:00:00,5769.0
DE4,2021-02-07 06:00:00,8333.0
DE5,2021-02-07 06:00:00,7692.0
DE6,2021-02-07 06:00:00,5128.0
DE7,2021-02-07 06:00:00,6410.0
DE8,2021-02-07 06:00:00,5769.0
DE9,2021-02-07 06:00:00,3846.0
DE0,2021-02-07 09:00:00,5538.18
DE1,2021-02-07 09:00:00,7615.0
DE2,2021-02-07 09:00:00,9691.82
DE3,2021-02-07 09:00:00,6230.46
DE4,2021-02-07 09:00:00,8999.55
DE5,2021-02-07 09:00:00,8307.28
DE6,2021-02-07 09:00:00,5538.18
DE7,2021-02-07 09:00:00,6922.73
DE8,2021-02-07 09:00:00,6230.46
DE9,2021-02-07 09:00:00,4153.64
DE0,2021-02-07 12:00:00,5672.71
DE1,2021-02-07 12:00:00,7799.97
DE2,2021-02-07 12:00:00,9927.24
DE3,2021-02-07 12:00:00,6381.8
DE4,2021-02-07 12:00:00,9218.15
DE5,2021-02-07 12:00:00,8509.06
DE6,2021-02-07 12:00:00,5672.71
DE7,2021-02-07 12:00:00,7090.89
DE8,2021-02-07 12:00:00,6381.8
DE9,2021-02-07 12:00:00,4254.53
DE0,2021-02-07 15:00:00,5452.77
DE1,2021-02-07 15:00:00,7497.56
DE2,2021-02-07 15:00:00,9542.35
DE3,2021-02-07 15:00:00,6134.37
DE4,2021-02-07 15:00:00,8860.75
DE5,2021-02-07 15:00:00,8179.15
DE6,2021-02-07 15:00:00,5452.77
DE7,2021-02-07 15:00:00,6815.96
DE8,2021-02-07 15:00:00,6134.37
DE9,2021-02-07 15:00:00,4089.58
DE0,2021-02-07 18:00:00,5007.21
DE1,2021-02-07 18:00:00,6884.91
DE2,2021-02-07 18:00:00,8762.61
DE3,2021-02-07 18:00:00,5633.11
DE4,2021-02-07 18:00:00,8136.71
DE5,2021-02-07 18:00:00,7510.81
DE6,2021-02-07 18:00:00,5007.21
DE7,2021-02-07 18:00:00,6259.01
DE8,2021-02-07 18:00:00,5633.11
DE9,2021-02-07 18:00:00,3755.4
DE0,2021-02-07 21:00:00,4597.02
DE1,2021-02-07 21:00:00,6320.9
DE2,2021-02-07 21:00:00,8044.79
DE3,2021-02-07 21:00:00,5171.65
DE4,2021-02-07 21:00:00,7470.16
DE5,2021-02-07 21:00:00,6895.53
DE6,2021-02-07 21:00:00,4597.02
DE7,2021-02-07 21:00:00,5746.28
DE8,2021-02-07 21:00:00,5171.65
DE9,2021-02-07 21:00:00,3447.77
