timestamp,technology,matched_reference_cf,severe_cf
2021-01-18 00:00:00,Onshore wind,0.14757220350049882,0.14757220350049882
2021-01-18 03:00:00,Onshore wind,0.17464563787982518,0.17464563787982518
2021-01-18 06:00:00,Onshore wind,0.22376002028868297,0.22376002028868297
2021-01-18 09:00:00,Onshore wind,0.3280596087681308,0.3280596087681308
2021-01-18 12:00:00,Onshore wind,0.4550384829891843,0.4550384829891843
2021-01-18 15:00:00,Onshore wind,0.4992385432364482,0.4992385432364482
2021-01-18 18:00:00,Onshore wind,0.5552787898766662,0.5552787898766662
2021-01-18 21:00:00,Onshore wind,0.5343973632514669,0.5343973632514669
2021-01-19 00:00:00,Onshore wind,0.5400574155130107,0.5400574155130107
2021-01-19 03:00:00,Onshore wind,0.5943566024120959,0.5943566024120959
2021-01-19 06:00:00,Onshore wind,0.6810985070781125,0.6810985070781125
2021-01-19 09:00:00,Onshore wind,0.7615933548314637,0.7615933548314637
2021-01-19 12:00:00,Onshore wind,0.7331470632518161,0.7331470632518161
2021-01-19 15:00:00,Onshore wind,0.6475457848189038,0.6475457848189038
2021-01-19 18:00:00,Onshore wind,0.6768208771565807,0.6768208771565807
2021-01-19 21:00:00,Onshore wind,0.758162768018886,0.758162768018886
2021-01-20 00:00:00,Onshore wind,0.8108414200234861,0.8108414200234861
2021-01-20 03:00:00,Onshore wind,0.8207588200503566,0.8207588200503566
2021-01-20 06:00:00,Onshore wind,0.8171753980651669,0.8171753980651669
2021-01-20 09:00:00,Onshore wind,0.7698143339206515,0.7698143339206515
2021-01-20 12:00:00,Onshore wind,0.7488849259739117,0.7488849259739117
2021-01-20 15:00:00,Onshore wind,0.7585206977392442,0.7585206977392442
2021-01-20 18:00:00,Onshore wind,0.8048836889166726,0.8048836889166726
2021-01-20 21:00:00,Onshore wind,0.8414057722700401,0.8414057722700401
2021-01-21 00:00:00,Onshore wind,0.8940434048672721,0.8940434048672721
2021-01-21 03:00:00,Onshore wind,0.943132920780968,0.943132920780968
2021-01-21 06:00:00,Onshore wind,0.9729101931756681,0.9729101931756681
2021-01-21 09:00:00,Onshore wind,0.9061416076035422,0.9061416076035422
2021-01-21 12:00:00,Onshore wind,0.83478949916264,0.83478949916264
2021-01-21 15:00:00,Onshore wind,0.8304101710472763,0.8304101710472763
2021-01-21 18:00:00,Onshore wind,0.8095522907035613,0.8095522907035613
2021-01-21 21:00:00,Onshore wind,0.8097104168588763,0.8097104168588763
2021-01-22 00:00:00,Onshore wind,0.8827786823991917,0.8827786823991917
2021-01-22 03:00:00,Onshore wind,0.8872453633999573,0.8872453633999573
2021-01-22 06:00:00,Onshore wind,0.7298158655809688,0.7298158655809688
2021-01-22 09:00:00,Onshore wind,0.5277985443695707,0.5277985443695707
2021-01-22 12:00:00,Onshore wind,0.4188387929175093,0.4188387929175093
2021-01-22 15:00:00,Onshore wind,0.33338728561007125,0.33338728561007125
2021-01-22 18:00:00,Onshore wind,0.3003868318486284,0.3003868318486284
2021-01-22 21:00:00,Onshore wind,0.22506365829131442,0.22506365829131442
2021-01-23 00:00:00,Onshore wind,0.15884484043066735,0.15884484043066735
2021-01-23 03:00:00,Onshore wind,0.15282814756796922,0.15282814756796922
2021-01-23 06:00:00,Onshore wind,0.20138422162391056,0.20138422162391056
2021-01-23 09:00:00,Onshore wind,0.19623444856835667,0.19623444856835667
2021-01-23 12:00:00,Onshore wind,0.14954453146708624,0.14954453146708624
2021-01-23 15:00:00,Onshore wind,0.09611293894960775,0.09611293894960775
2021-01-23 18:00:00,Onshore wind,0.12162658074043196,0.12162658074043196
2021-01-23 21:00:00,Onshore wind,0.09557780580243462,0.09557780580243462
2021-01-24 00:00:00,Onshore wind,0.12765913203930013,0.12765913203930013
2021-01-24 03:00:00,Onshore wind,0.184449145963897,0.184449145963897
2021-01-24 06:00:00,Onshore wind,0.21672378370090517,0.21672378370090517
2021-01-24 09:00:00,Onshore wind,0.20744537035571042,0.20744537035571042
2021-01-24 12:00:00,Onshore wind,0.17347382135754735,0.17347382135754735
2021-01-24 15:00:00,Onshore wind,0.11235730468645332,0.11235730468645332
2021-01-24 18:00:00,Onshore wind,0.1072650554817337,0.1072650554817337
2021-01-24 21:00:00,Onshore wind,0.0938902251133774,0.0938902251133774
2021-01-25 00:00:00,Onshore wind,0.08310307697576538,0.08310307697576538
2021-01-25 03:00:00,Onshore wind,0.06053508427855321,0.0600698184104815
2021-01-25 06:00:00,Onshore wind,0.045090020811874285,0.043717111426564016
2021-01-25 09:00:00,Onshore wind,0.038077176620250626,0.035510312084956495
2021-01-25 12:00:00,Onshore wind,0.06027155599556061,0.053210303980186585
2021-01-25 15:00:00,Onshore wind,0.10827107474824785,0.08902351933981541
2021-01-25 18:00:00,Onshore wind,0.19151473120217655,0.14422464459527648
2021-01-25 21:00:00,Onshore wind,0.24649032805437343,0.16712934782221958
2021-01-26 00:00:00,Onshore wind,0.26819599361284485,0.16091759616770687
2021-01-26 03:00:00,Onshore wind,0.29142578425032734,0.15211373051291677
2021-01-26 06:00:00,Onshore wind,0.2981944214020702,0.13327102696353563
2021-01-26 09:00:00,Onshore wind,0.26454055427620093,0.09993598961277503
2021-01-26 12:00:00,Onshore wind,0.27218597617933915,0.08632576590748715
2021-01-26 15:00:00,Onshore wind,0.25709781234259904,0.06875108006462603
2021-01-26 18:00:00,Onshore wind,0.26567457321499727,0.06122422372819541
2021-01-26 21:00:00,Onshore wind,0.23235094217196586,0.04825601171514494
2021-01-27 00:00:00,Onshore wind,0.2423398917792238,0.04846797835584471
2021-01-27 03:00:00,Onshore wind,0.2503144886071368,0.05006289772142731
2021-01-27 06:00:00,Onshore wind,0.24332013127592667,0.04866402625518527
2021-01-27 09:00:00,Onshore wind,0.25748699475760906,0.051497398951521764
2021-01-27 12:00:00,Onshore wind,0.2144250165749506,0.04288500331499007
2021-01-27 15:00:00,Onshore wind,0.18847050357661715,0.037694100715323364
2021-01-27 18:00:00,Onshore wind,0.22544220225280262,0.045088440450560485
2021-01-27 21:00:00,Onshore wind,0.2436237513581273,0.04872475027162541
2021-01-28 00:00:00,Onshore wind,0.24949474636531713,0.04989894927306336
2021-01-28 03:00:00,Onshore wind,0.20308538808199153,0.04061707761639827
2021-01-28 06:00:00,Onshore wind,0.15310607013238722,0.030621214026477387
2021-01-28 09:00:00,Onshore wind,0.1455751986620096,0.029115039732401884
2021-01-28 12:00:00,Onshore wind,0.1679185002016285,0.03358370004032565
2021-01-28 15:00:00,Onshore wind,0.197202156330109,0.039440431266021744
2021-01-28 18:00:00,Onshore wind,0.210195948871959,0.04203918977439174
2021-01-28 21:00:00,Onshore wind,0.14610975886342759,0.029221951772685485
2021-01-29 00:00:00,Onshore wind,0.15122405549069312,0.030244811098138584
2021-01-29 03:00:00,Onshore wind,0.2590903263455123,0.05181806526910241
2021-01-29 06:00:00,Onshore wind,0.44496853013681914,0.08899370602736378
2021-01-29 09:00:00,Onshore wind,0.48322351130103586,0.09664470226020712
2021-01-29 12:00:00,Onshore wind,0.5045446939324786,0.10090893878649565
2021-01-29 15:00:00,Onshore wind,0.5042576440269271,0.10085152880538535
2021-01-29 18:00:00,Onshore wind,0.4431291448270224,0.08862582896540441
2021-01-29 21:00:00,Onshore wind,0.42833456323096164,0.08566691264619226
2021-01-30 00:00:00,Onshore wind,0.37317568857501293,0.07463513771500252
2021-01-30 03:00:00,Onshore wind,0.27559074194857747,0.055118148389715446
2021-01-30 06:00:00,Onshore wind,0.1598241901170634,0.03196483802341265
2021-01-30 09:00:00,Onshore wind,0.07001819982670586,0.014003639965341125
2021-01-30 12:00:00,Onshore wind,0.060237124004577154,0.01204742480091541
2021-01-30 15:00:00,Onshore wind,0.08510967050991823,0.017021934101983598
2021-01-30 18:00:00,Onshore wind,0.12002393465830855,0.024004786931661665
2021-01-30 21:00:00,Onshore wind,0.13130403065877191,0.026260806131754334
2021-01-31 00:00:00,Onshore wind,0.12970475847094412,0.025940951694188773
2021-01-31 03:00:00,Onshore wind,0.14887354476333378,0.02977470895266672
2021-01-31 06:00:00,Onshore wind,0.1699058758761023,0.03398117517522042
2021-01-31 09:00:00,Onshore wind,0.10950865821449349,0.02190173164289864
2021-01-31 12:00:00,Onshore wind,0.06082272641537934,0.01216454528307583
2021-01-31 15:00:00,Onshore wind,0.10490541085238902,0.020981082170477786
2021-01-31 18:00:00,Onshore wind,0.18451171240904218,0.0369023424818084
2021-01-31 21:00:00,Onshore wind,0.21050205489459545,0.04210041097891905
2021-02-01 00:00:00,Onshore wind,0.2485528924615284,0.04971057849230562
2021-02-01 03:00:00,Onshore wind,0.265707809959838,0.053141561991967574
2021-02-01 06:00:00,Onshore wind,0.28091471206371615,0.056182942412743186
2021-02-01 09:00:00,Onshore wind,0.19942764266066204,0.03988552853213236
2021-02-01 12:00:00,Onshore wind,0.11445422053916919,0.0228908441078338
2021-02-01 15:00:00,Onshore wind,0.12017558482304393,0.024035116964608742
2021-02-01 18:00:00,Onshore wind,0.1040640216543764,0.020812804330875248
2021-02-01 21:00:00,Onshore wind,0.08287939227973092,0.016575878455946155
2021-02-02 00:00:00,Onshore wind,0.10113198479795774,0.020226396959591504
2021-02-02 03:00:00,Onshore wind,0.10411005984041277,0.02082201196808252
2021-02-02 06:00:00,Onshore wind,0.09364123974886418,0.01872824794977278
2021-02-02 09:00:00,Onshore wind,0.11077156155862125,0.022154312311724204
2021-02-02 12:00:00,Onshore wind,0.1470553885431842,0.029411077708636813
2021-02-02 15:00:00,Onshore wind,0.20563789239103894,0.04112757847820776
2021-02-02 18:00:00,Onshore wind,0.24250376935254658,0.04850075387050926
2021-02-02 21:00:00,Onshore wind,0.28331913113542095,0.05666382622708415
2021-02-03 00:00:00,Onshore wind,0.2949561298094527,0.058991225961890485
2021-02-03 03:00:00,Onshore wind,0.33936810728601496,0.06787362145720295
2021-02-03 06:00:00,Onshore wind,0.34943872708465556,0.06988774541693106
2021-02-03 09:00:00,Onshore wind,0.31265938989414627,0.06253187797882917
2021-02-03 12:00:00,Onshore wind,0.3602727581777862,0.0720545516355572
2021-02-03 15:00:00,Onshore wind,0.4866538527544807,0.0973307705508961
2021-02-03 18:00:00,Onshore wind,0.5313803070365408,0.10627606140730811
2021-02-03 21:00:00,Onshore wind,0.55956674332354,0.11191334866470792
2021-02-04 00:00:00,Onshore wind,0.5448400714115265,0.10896801428230524
2021-02-04 03:00:00,Onshore wind,0.451554070161181,0.09031081403223613
2021-02-04 06:00:00,Onshore wind,0.30793309357496157,0.06158661871499226
2021-02-04 09:00:00,Onshore wind,0.20720063619842183,0.04144012723968434
2021-02-04 12:00:00,Onshore wind,0.12108867151959458,0.024217734303918863
2021-02-04 15:00:00,Onshore wind,0.06294367078233169,0.012588734156466302
2021-02-04 18:00:00,Onshore wind,0.0858572870806161,0.017171457416123186
2021-02-04 21:00:00,Onshore wind,0.12242909964014691,0.024485819928029343
2021-02-05 00:00:00,Onshore wind,0.1506640753118756,0.030132815062375057
2021-02-05 03:00:00,Onshore wind,0.17765087930350704,0.03553017586070135
2021-02-05 06:00:00,Onshore wind,0.240768847050458,0.04815376941009155
2021-02-05 09:00:00,Onshore wind,0.22472710024028886,0.04494542004805774
2021-02-05 12:00:00,Onshore wind,0.21219823576480323,0.042439647152960606
2021-02-05 15:00:00,Onshore wind,0.2627373553462666,0.05254747106925325
2021-02-05 18:00:00,Onshore wind,0.30882425254090984,0.06176485050818193
2021-02-05 21:00:00,Onshore wind,0.33484133231906943,0.06696826646381383
2021-02-06 00:00:00,Onshore wind,0.36322209808238715,0.07264441961647737
2021-02-06 03:00:00,Onshore wind,0.3889730409823762,0.08078421136174682
2021-02-06 06:00:00,Onshore wind,0.46789982641352007,0.10782666669249796
2021-02-06 09:00:00,Onshore wind,0.5227823910859829,0.13979836583764577
2021-02-06 12:00:00,Onshore wind,0.6010470430425391,0.19062644984652258
2021-02-06 15:00:00,Onshore wind,0.6986988973544034,0.2639488147271519
2021-02-06 18:00:00,Onshore wind,0.7955973629518366,0.35557364591709273
2021-02-06 21:00:00,Onshore wind,0.7867960197993455,0.41067909633414224
2021-02-07 00:00:00,Onshore wind,0.8134957009654656,0.4880974205792793
2021-02-07 03:00:00,Onshore wind,0.8241399053821211,0.5587966310402084
2021-02-07 06:00:00,Onshore wind,0.8166529557866838,0.6149995959406278
2021-02-07 09:00:00,Onshore wind,0.7655143453316537,0.6294274004852943
2021-02-07 12:00:00,Onshore wind,0.7304651175346036,0.6448858057323408
2021-02-07 15:00:00,Onshore wind,0.7348645259700772,0.6853257245833397
2021-02-07 18:00:00,Onshore wind,0.7432579661775416,0.7206271086374836
2021-02-07 21:00:00,Onshore wind,0.6551385853541463,0.6501032636683047
2021-02-08 00:00:00,Onshore wind,0.6251773617240901,0.6251773617240901
2021-02-08 03:00:00,Onshore wind,0.5711795219471308,0.5711795219471308
2021-02-08 06:00:00,Onshore wind,0.5119029880978375,0.5119029880978375
2021-02-08 09:00:00,Onshore wind,0.48175189943475033,0.48175189943475033
2021-02-08 12:00:00,Onshore wind,0.4128283180031226,0.4128283180031226
2021-02-08 15:00:00,Onshore wind,0.32756947808234904,0.32756947808234904
2021-02-08 18:00:00,Onshore wind,0.25192543575384874,0.25192543575384874
2021-02-08 21:00:00,Onshore wind,0.18159339978749053,0.18159339978749053
2021-02-09 00:00:00,Onshore wind,0.14950503561895498,0.14950503561895498
2021-02-09 03:00:00,Onshore wind,0.1446953318346031,0.1446953318346031
2021-02-09 06:00:00,Onshore wind,0.12055821562888236,0.12055821562888236
2021-02-09 09:00:00,Onshore wind,0.12013089933742978,0.12013089933742978
2021-02-09 12:00:00,Onshore wind,0.10030057992650755,0.10030057992650755
2021-02-09 15:00:00,Onshore wind,0.08529083808751758,0.08529083808751758
2021-02-09 18:00:00,Onshore wind,0.09815524697686645,0.09815524697686645
2021-02-09 21:00:00,Onshore wind,0.09030272446020571,0.09030272446020571
2021-02-10 00:00:00,Onshore wind,0.1007800426609427,0.1007800426609427
2021-02-10 03:00:00,Onshore wind,0.12472594275670024,0.12472594275670024
2021-02-10 06:00:00,Onshore wind,0.13839613653648206,0.13839613653648206
2021-02-10 09:00:00,Onshore wind,0.15722495054706295,0.15722495054706295
2021-02-10 12:00:00,Onshore wind,0.17109019669205644,0.17109019669205644
2021-02-10 15:00:00,Onshore wind,0.17624009782402805,0.17624009782402805
2021-02-10 18:00:00,Onshore wind,0.19244395483506876,0.19244395483506876
2021-02-10 21:00:00,Onshore wind,0.17118214915413835,0.17118214915413835
2021-02-11 00:00:00,Onshore wind,0.14312237093724814,0.14312237093724814
2021-02-11 03:00:00,Onshore wind,0.1242026855603226,0.1242026855603226
2021-02-11 06:00:00,Onshore wind,0.09840770533367184,0.09840770533367184
2021-02-11 09:00:00,Onshore wind,0.05862345319608231,0.05862345319608231
2021-02-11 12:00:00,Onshore wind,0.05367279902570111,0.05367279902570111
2021-02-11 15:00:00,Onshore wind,0.06692354345502248,0.06692354345502248
2021-02-11 18:00:00,Onshore wind,0.10298447963891111,0.10298447963891111
2021-02-11 21:00:00,Onshore wind,0.12003307867763126,0.12003307867763126
2021-02-12 00:00:00,Onshore wind,0.11317280334127502,0.11317280334127502
2021-02-12 03:00:00,Onshore wind,0.12695272974055336,0.12695272974055336
2021-02-12 06:00:00,Onshore wind,0.15971625404786483,0.15971625404786483
2021-02-12 09:00:00,Onshore wind,0.1502732039348134,0.1502732039348134
2021-02-12 12:00:00,Onshore wind,0.19106071224016485,0.19106071224016485
2021-02-12 15:00:00,Onshore wind,0.2177383661285847,0.2177383661285847
2021-02-12 18:00:00,Onshore wind,0.27120857566063766,0.27120857566063766
2021-02-12 21:00:00,Onshore wind,0.2526839190612199,0.2526839190612199
2021-02-13 00:00:00,Onshore wind,0.1972275113566381,0.1972275113566381
2021-02-13 03:00:00,Onshore wind,0.16559496206233676,0.16559496206233676
2021-02-13 06:00:00,Onshore wind,0.14276963154595704,0.14276963154595704
2021-02-13 09:00:00,Onshore wind,0.07570842295839438,0.07570842295839438
2021-02-13 12:00:00,Onshore wind,0.07729778305334536,0.07729778305334536
2021-02-13 15:00:00,Onshore wind,0.10421694746608764,0.10421694746608764
2021-02-13 18:00:00,Onshore wind,0.15464316449607435,0.15464316449607435
2021-02-13 21:00:00,Onshore wind,0.15762012363903993,0.15762012363903993
2021-02-14 00:00:00,Onshore wind,0.18154881668082215,0.18154881668082215
2021-02-14 03:00:00,Onshore wind,0.1805797262646438,0.1805797262646438
2021-02-14 06:00:00,Onshore wind,0.18560157113374165,0.18560157113374165
2021-02-14 09:00:00,Onshore wind,0.13451523433273455,0.13451523433273455
2021-02-14 12:00:00,Onshore wind,0.1231254866362754,0.1231254866362754
2021-02-14 15:00:00,Onshore wind,0.23545277452361865,0.23545277452361865
2021-02-14 18:00:00,Onshore wind,0.36753091943277116,0.36753091943277116
2021-02-14 21:00:00,Onshore wind,0.4237699933793345,0.4237699933793345
2021-01-18 00:00:00,Offshore wind,0.5102396048975835,0.5102396048975835
2021-01-18 03:00:00,Offshore wind,0.5962754660023954,0.5962754660023954
2021-01-18 06:00:00,Offshore wind,0.8531964076976492,0.8531964076976492
2021-01-18 09:00:00,Offshore wind,0.8864812322990366,0.8864812322990366
2021-01-18 12:00:00,Offshore wind,0.9130946255651642,0.9130946255651642
2021-01-18 15:00:00,Offshore wind,0.9458325830310419,0.9458325830310419
2021-01-18 18:00:00,Offshore wind,0.9577806904122387,0.9577806904122387
2021-01-18 21:00:00,Offshore wind,0.9741057722519934,0.9741057722519934
2021-01-19 00:00:00,Offshore wind,0.9917159664149935,0.9917159664149935
2021-01-19 03:00:00,Offshore wind,0.9880830311761842,0.9880830311761842
2021-01-19 06:00:00,Offshore wind,0.9853960360962247,0.9853960360962247
2021-01-19 09:00:00,Offshore wind,0.9940984322905354,0.9940984322905354
2021-01-19 12:00:00,Offshore wind,0.9749083068837898,0.9749083068837898
2021-01-19 15:00:00,Offshore wind,0.8976146396279815,0.8976146396279815
2021-01-19 18:00:00,Offshore wind,0.8965159399804227,0.8965159399804227
2021-01-19 21:00:00,Offshore wind,0.9309135903555538,0.9309135903555538
2021-01-20 00:00:00,Offshore wind,0.988335671294065,0.988335671294065
2021-01-20 03:00:00,Offshore wind,0.9999672294340585,0.9999672294340585
2021-01-20 06:00:00,Offshore wind,0.9999786116550955,0.9999786116550955
2021-01-20 09:00:00,Offshore wind,0.9999892700502937,0.9999892700502937
2021-01-20 12:00:00,Offshore wind,0.9999948222490728,0.9999948222490728
2021-01-20 15:00:00,Offshore wind,0.9999843128500023,0.9999843128500023
2021-01-20 18:00:00,Offshore wind,0.9999995573232775,0.9999995573232775
2021-01-20 21:00:00,Offshore wind,0.9999954372458679,0.9999954372458679
2021-01-21 00:00:00,Offshore wind,1.0,1.0
2021-01-21 03:00:00,Offshore wind,1.0,1.0
2021-01-21 06:00:00,Offshore wind,1.0,1.0
2021-01-21 09:00:00,Offshore wind,1.0,1.0
2021-01-21 12:00:00,Offshore wind,0.9999990949442364,0.9999990949442364
2021-01-21 15:00:00,Offshore wind,0.999998900121259,0.999998900121259
2021-01-21 18:00:00,Offshore wind,0.9999999756616812,0.9999999756616812
2021-01-21 21:00:00,Offshore wind,0.992054298186358,0.992054298186358
2021-01-22 00:00:00,Offshore wind,0.6554040029431828,0.6554040029431828
2021-01-22 03:00:00,Offshore wind,0.9967145493885435,0.9967145493885435
2021-01-22 06:00:00,Offshore wind,0.9999471796866151,0.9999471796866151
2021-01-22 09:00:00,Offshore wind,0.9995144159188029,0.9995144159188029
2021-01-22 12:00:00,Offshore wind,0.9958585366710634,0.9958585366710634
2021-01-22 15:00:00,Offshore wind,0.9994702590087229,0.9994702590087229
2021-01-22 18:00:00,Offshore wind,0.9958217370135047,0.9958217370135047
2021-01-22 21:00:00,Offshore wind,0.9754186225348941,0.9754186225348941
2021-01-23 00:00:00,Offshore wind,0.7361311080128486,0.7361311080128486
2021-01-23 03:00:00,Offshore wind,0.5370959388465336,0.5370959388465336
2021-01-23 06:00:00,Offshore wind,0.6446295875199828,0.6446295875199828
2021-01-23 09:00:00,Offshore wind,0.8061880942169031,0.8061880942169031
2021-01-23 12:00:00,Offshore wind,0.8004484815884492,0.8004484815884492
2021-01-23 15:00:00,Offshore wind,0.7185219234108238,0.7185219234108238
2021-01-23 18:00:00,Offshore wind,0.3787702664320636,0.3787702664320636
2021-01-23 21:00:00,Offshore wind,0.11577440602734919,0.11577440602734919
2021-01-24 00:00:00,Offshore wind,0.019853345447981004,0.019853345447981004
2021-01-24 03:00:00,Offshore wind,0.02136012288780351,0.02136012288780351
2021-01-24 06:00:00,Offshore wind,0.01322943765115197,0.01322943765115197
2021-01-24 09:00:00,Offshore wind,0.008973945824193055,0.008973945824193055
2021-01-24 12:00:00,Offshore wind,0.08098515598902581,0.08098515598902581
2021-01-24 15:00:00,Offshore wind,0.11888242936263865,0.11888242936263865
2021-01-24 18:00:00,Offshore wind,0.12020385905170836,0.12020385905170836
2021-01-24 21:00:00,Offshore wind,0.10497918887325863,0.10497918887325863
2021-01-25 00:00:00,Offshore wind,0.11236482743844281,0.11236482743844281
2021-01-25 03:00:00,Offshore wind,0.14115306942121203,0.14013598817778006
2021-01-25 06:00:00,Offshore wind,0.16858748416764374,0.16377512487729856
2021-01-25 09:00:00,Offshore wind,0.11634858945008313,0.10899548711705516
2021-01-25 12:00:00,Offshore wind,0.2508827339319955,0.2233270396247226
2021-01-25 15:00:00,Offshore wind,0.5707990360052985,0.47566900504362214
2021-01-25 18:00:00,Offshore wind,0.6267758016211278,0.4816811441711126
2021-01-25 21:00:00,Offshore wind,0.4049649955779124,0.28272990400840337
2021-01-26 00:00:00,Offshore wind,0.0999273250447248,0.06245457815295293
2021-01-26 03:00:00,Offshore wind,0.11610399482863844,0.0640709596159698
2021-01-26 06:00:00,Offshore wind,0.16434666172844267,0.07913188435228233
2021-01-26 09:00:00,Offshore wind,0.26379804997330514,0.10991440219814592
2021-01-26 12:00:00,Offshore wind,0.31535720572132925,0.11347654657773336
2021-01-26 15:00:00,Offshore wind,0.3902261918713052,0.12221841224499094
2021-01-26 18:00:00,Offshore wind,0.36191082224601917,0.10080851342847659
2021-01-26 21:00:00,Offshore wind,0.5959206656628767,0.15327408460045633
2021-01-27 00:00:00,Offshore wind,0.6835977640722651,0.1708994410180662
2021-01-27 03:00:00,Offshore wind,0.6486242896618524,0.16215607241546304
2021-01-27 06:00:00,Offshore wind,0.7392122357158473,0.18480305892896173
2021-01-27 09:00:00,Offshore wind,0.7752978191935425,0.1938244547983856
2021-01-27 12:00:00,Offshore wind,0.5218401746157383,0.13046004365393457
2021-01-27 15:00:00,Offshore wind,0.3584342046057007,0.08960855115142514
2021-01-27 18:00:00,Offshore wind,0.3986051044612942,0.09965127611532353
2021-01-27 21:00:00,Offshore wind,0.6115954935049641,0.15289887337624103
2021-01-28 00:00:00,Offshore wind,0.4184934425283665,0.10462336063209161
2021-01-28 03:00:00,Offshore wind,0.21377248027251056,0.0534431200681276
2021-01-28 06:00:00,Offshore wind,0.23345404832712408,0.05836351208178097
2021-01-28 09:00:00,Offshore wind,0.3584240006828131,0.08960600017070325
2021-01-28 12:00:00,Offshore wind,0.3389174785441238,0.08472936963603095
2021-01-28 15:00:00,Offshore wind,0.2769969522679286,0.0692492380669821
2021-01-28 18:00:00,Offshore wind,0.5230764653210904,0.1307691163302726
2021-01-28 21:00:00,Offshore wind,0.595634835731429,0.1489087089328572
2021-01-29 00:00:00,Offshore wind,0.7349804709960633,0.18374511774901578
2021-01-29 03:00:00,Offshore wind,0.7464844819784296,0.18662112049460736
2021-01-29 06:00:00,Offshore wind,0.7548627446161307,0.18871568615403267
2021-01-29 09:00:00,Offshore wind,0.7629389166247336,0.19073472915618336
2021-01-29 12:00:00,Offshore wind,0.7596896691719621,0.18992241729299048
2021-01-29 15:00:00,Offshore wind,0.7625669199805531,0.1906417299951383
2021-01-29 18:00:00,Offshore wind,0.7463227905507409,0.18658069763768523
2021-01-29 21:00:00,Offshore wind,0.7476262834691182,0.1869065708672795
2021-01-30 00:00:00,Offshore wind,0.5636723806313741,0.1409180951578435
2021-01-30 03:00:00,Offshore wind,0.39715484949898655,0.09928871237474658
2021-01-30 06:00:00,Offshore wind,0.2542667470844989,0.06356668677112469
2021-01-30 09:00:00,Offshore wind,0.09605557155481187,0.024013892888702953
2021-01-30 12:00:00,Offshore wind,0.07094260704127157,0.017735651760317866
2021-01-30 15:00:00,Offshore wind,0.07075350229152834,0.01768837557288204
2021-01-30 18:00:00,Offshore wind,0.05562135637349619,0.013905339093374039
2021-01-30 21:00:00,Offshore wind,0.11414834706642545,0.02853708676660636
2021-01-31 00:00:00,Offshore wind,0.21985579920369522,0.05496394980092374
2021-01-31 03:00:00,Offshore wind,0.353540537594921,0.08838513439873023
2021-01-31 06:00:00,Offshore wind,0.4156187856951388,0.10390469642378464
2021-01-31 09:00:00,Offshore wind,0.33000398167740685,0.0825009954193517
2021-01-31 12:00:00,Offshore wind,0.16549918993846058,0.041374797484615075
2021-01-31 15:00:00,Offshore wind,0.14615076316837722,0.0365376907920943
2021-01-31 18:00:00,Offshore wind,0.2716217174567118,0.06790542936417789
2021-01-31 21:00:00,Offshore wind,0.44334952127771743,0.11083738031942934
2021-02-01 00:00:00,Offshore wind,0.5709104358776586,0.1427276089694146
2021-02-01 03:00:00,Offshore wind,0.7098185293572343,0.17745463233930858
2021-02-01 06:00:00,Offshore wind,0.7495050896315599,0.18737627240788998
2021-02-01 09:00:00,Offshore wind,0.674578554397511,0.16864463859937773
2021-02-01 12:00:00,Offshore wind,0.3139991085270436,0.0784997771317609
2021-02-01 15:00:00,Offshore wind,0.22009319952481204,0.05502329988120295
2021-02-01 18:00:00,Offshore wind,0.09887492703202945,0.024718731758007352
2021-02-01 21:00:00,Offshore wind,0.04617405231147704,0.01154351307786926
2021-02-02 00:00:00,Offshore wind,0.04209431606448787,0.010523579016121904
2021-02-02 03:00:00,Offshore wind,0.02253571064782603,0.005633927661956507
2021-02-02 06:00:00,Offshore wind,0.022044914074518827,0.005511228518629704
2021-02-02 09:00:00,Offshore wind,0.07329243187583506,0.01832310796895875
2021-02-02 12:00:00,Offshore wind,0.1265130100291769,0.03162825250729419
2021-02-02 15:00:00,Offshore wind,0.26616212281134216,0.06654053070283551
2021-02-02 18:00:00,Offshore wind,0.5130724092714626,0.12826810231786562
2021-02-02 21:00:00,Offshore wind,0.6804321519155645,0.17010803797889112
2021-02-03 00:00:00,Offshore wind,0.6926527598811513,0.17316318997028776
2021-02-03 03:00:00,Offshore wind,0.7356826504617062,0.1839206626154265
2021-02-03 06:00:00,Offshore wind,0.7841680432130005,0.19604201080325012
2021-02-03 09:00:00,Offshore wind,0.6183010102875143,0.15457525257187854
2021-02-03 12:00:00,Offshore wind,0.5730581101488249,0.1432645275372062
2021-02-03 15:00:00,Offshore wind,0.729344236226592,0.182336059056648
2021-02-03 18:00:00,Offshore wind,0.7778204023617666,0.19445510059044163
2021-02-03 21:00:00,Offshore wind,0.7845178751719714,0.19612946879299284
2021-02-04 00:00:00,Offshore wind,0.7849443493002066,0.1962360873250516
2021-02-04 03:00:00,Offshore wind,0.8144026117723288,0.2036006529430821
2021-02-04 06:00:00,Offshore wind,0.8404121230463387,0.21010303076158468
2021-02-04 09:00:00,Offshore wind,0.8001391306490054,0.20003478266225136
2021-02-04 12:00:00,Offshore wind,0.7066445726284788,0.17666114315711964
2021-02-04 15:00:00,Offshore wind,0.6084011691876838,0.15210029229692093
2021-02-04 18:00:00,Offshore wind,0.6093592071600705,0.1523398017900176
2021-02-04 21:00:00,Offshore wind,0.6350866335340632,0.1587716583835158
2021-02-05 00:00:00,Offshore wind,0.6885834671114657,0.1721458667778664
2021-02-05 03:00:00,Offshore wind,0.7145875855693226,0.1786468963923306
2021-02-05 06:00:00,Offshore wind,0.8288198964887366,0.20720497412218414
2021-02-05 09:00:00,Offshore wind,0.8457844717594438,0.21144611793986096
2021-02-05 12:00:00,Offshore wind,0.8467967081713339,0.21169917704283348
2021-02-05 15:00:00,Offshore wind,0.867808353206184,0.216952088301546
2021-02-05 18:00:00,Offshore wind,0.8815746416320932,0.22039366040802322
2021-02-05 21:00:00,Offshore wind,0.8798978897216184,0.2199744724304046
2021-02-06 00:00:00,Offshore wind,0.8756575010385599,0.21891437525963992
2021-02-06 03:00:00,Offshore wind,0.8819697122675448,0.22684747833466037
2021-02-06 06:00:00,Offshore wind,0.8836262581465861,0.2461298309824292
2021-02-06 09:00:00,Offshore wind,0.8768875615218797,0.27464021564685415
2021-02-06 12:00:00,Offshore wind,0.8769571433517351,0.3155598360170863
2021-02-06 15:00:00,Offshore wind,0.8849246399698102,0.3687137293188256
2021-02-06 18:00:00,Offshore wind,0.8849779300335702,0.4261113093337568
2021-02-06 21:00:00,Offshore wind,0.8853068008635534,0.48854870471589373
2021-02-07 00:00:00,Offshore wind,0.8855,0.5534375
2021-02-07 03:00:00,Offshore wind,0.8855,0.6182196800544806
2021-02-07 06:00:00,Offshore wind,0.8855,0.6805123172597326
2021-02-07 09:00:00,Offshore wind,0.8855,0.7379215405020717
2021-02-07 12:00:00,Offshore wind,0.8855,0.7882411455277578
2021-02-07 15:00:00,Offshore wind,0.8855,0.8295373781352139
2021-02-07 18:00:00,Offshore wind,0.8855,0.860223247264529
2021-02-07 21:00:00,Offshore wind,0.885498099977752,0.8791176258422975
2021-02-08 00:00:00,Offshore wind,0.9999964990055501,0.9999964990055501
2021-02-08 03:00:00,Offshore wind,0.9999942613741671,0.9999942613741671
2021-02-08 06:00:00,Offshore wind,0.9999210166640894,0.9999210166640894
2021-02-08 09:00:00,Offshore wind,0.9999047193654017,0.9999047193654017
2021-02-08 12:00:00,Offshore wind,0.9997286081836185,0.9997286081836185
2021-02-08 15:00:00,Offshore wind,0.9990275079111218,0.9990275079111218
2021-02-08 18:00:00,Offshore wind,0.9941662037326795,0.9941662037326795
2021-02-08 21:00:00,Offshore wind,0.9587703994779636,0.9587703994779636
2021-02-09 00:00:00,Offshore wind,0.922935676227873,0.922935676227873
2021-02-09 03:00:00,Offshore wind,0.9025968993577597,0.9025968993577597
2021-02-09 06:00:00,Offshore wind,0.9007735490819329,0.9007735490819329
2021-02-09 09:00:00,Offshore wind,0.8926887129501403,0.8926887129501403
2021-02-09 12:00:00,Offshore wind,0.8806333017508179,0.8806333017508179
2021-02-09 15:00:00,Offshore wind,0.9030602424972032,0.9030602424972032
2021-02-09 18:00:00,Offshore wind,0.9060960142192945,0.9060960142192945
2021-02-09 21:00:00,Offshore wind,0.8391172322720221,0.8391172322720221
2021-02-10 00:00:00,Offshore wind,0.7679157010558475,0.7679157010558475
2021-02-10 03:00:00,Offshore wind,0.8218045888374814,0.8218045888374814
2021-02-10 06:00:00,Offshore wind,0.8277368974423356,0.8277368974423356
2021-02-10 09:00:00,Offshore wind,0.7937410651171424,0.7937410651171424
2021-02-10 12:00:00,Offshore wind,0.7587387241508993,0.7587387241508993
2021-02-10 15:00:00,Offshore wind,0.848313505502293,0.848313505502293
2021-02-10 18:00:00,Offshore wind,0.876141979330269,0.876141979330269
2021-02-10 21:00:00,Offshore wind,0.5793230352916131,0.5793230352916131
2021-02-11 00:00:00,Offshore wind,0.35994308544541426,0.35994308544541426
2021-02-11 03:00:00,Offshore wind,0.2636973233989319,0.2636973233989319
2021-02-11 06:00:00,Offshore wind,0.2476563580751722,0.2476563580751722
2021-02-11 09:00:00,Offshore wind,0.1782643999743679,0.1782643999743679
2021-02-11 12:00:00,Offshore wind,0.19341398999923512,0.19341398999923512
2021-02-11 15:00:00,Offshore wind,0.2844058808779244,0.2844058808779244
2021-02-11 18:00:00,Offshore wind,0.5862900522117721,0.5862900522117721
2021-02-11 21:00:00,Offshore wind,0.690291044405195,0.690291044405195
2021-02-12 00:00:00,Offshore wind,0.5867421556974562,0.5867421556974562
2021-02-12 03:00:00,Offshore wind,0.6078918535689737,0.6078918535689737
2021-02-12 06:00:00,Offshore wind,0.6737926809946457,0.6737926809946457
2021-02-12 09:00:00,Offshore wind,0.6701657274262403,0.6701657274262403
2021-02-12 12:00:00,Offshore wind,0.4610281051768557,0.4610281051768557
2021-02-12 15:00:00,Offshore wind,0.43198544272825873,0.43198544272825873
2021-02-12 18:00:00,Offshore wind,0.4979847211350645,0.4979847211350645
2021-02-12 21:00:00,Offshore wind,0.34360264715270333,0.34360264715270333
2021-02-13 00:00:00,Offshore wind,0.1259708365064065,0.1259708365064065
2021-02-13 03:00:00,Offshore wind,0.06096356396114932,0.06096356396114932
2021-02-13 06:00:00,Offshore wind,0.05661636874407194,0.05661636874407194
2021-02-13 09:00:00,Offshore wind,0.049017938780353265,0.049017938780353265
2021-02-13 12:00:00,Offshore wind,0.03177319229388372,0.03177319229388372
2021-02-13 15:00:00,Offshore wind,0.08629170289448873,0.08629170289448873
2021-02-13 18:00:00,Offshore wind,0.21174207873539597,0.21174207873539597
2021-02-13 21:00:00,Offshore wind,0.39183370250762795,0.39183370250762795
2021-02-14 00:00:00,Offshore wind,0.5419563197004901,0.5419563197004901
2021-02-14 03:00:00,Offshore wind,0.4953392408506681,0.4953392408506681
2021-02-14 06:00:00,Offshore wind,0.5822813496603005,0.5822813496603005
2021-02-14 09:00:00,Offshore wind,0.6273941262482599,0.6273941262482599
2021-02-14 12:00:00,Offshore wind,0.679247238657234,0.679247238657234
2021-02-14 15:00:00,Offshore wind,0.8226003879414213,0.8226003879414213
2021-02-14 18:00:00,Offshore wind,0.8598567634087662,0.8598567634087662
2021-02-14 21:00:00,Offshore wind,0.8656918251730165,0.8656918251730165
2021-01-18 00:00:00,Solar,0.0,0.0
2021-01-18 03:00:00,Solar,0.0,0.0
2021-01-18 06:00:00,Solar,0.017793674939500796,0.017793674939500796
2021-01-18 09:00:00,Solar,0.0750781425593224,0.0750781425593224
2021-01-18 12:00:00,Solar,0.06183024075471906,0.06183024075471906
2021-01-18 15:00:00,Solar,0.002348940873351958,0.002348940873351958
2021-01-18 18:00:00,Solar,0.0,0.0
2021-01-18 21:00:00,Solar,0.0,0.0
2021-01-19 00:00:00,Solar,0.0,0.0
2021-01-19 03:00:00,Solar,0.0,0.0
2021-01-19 06:00:00,Solar,0.015207719691577928,0.015207719691577928
2021-01-19 09:00:00,Solar,0.07927946008761849,0.07927946008761849
2021-01-19 12:00:00,Solar,0.04688918852731952,0.04688918852731952
2021-01-19 15:00:00,Solar,0.0003854123089310543,0.0003854123089310543
2021-01-19 18:00:00,Solar,0.0,0.0
2021-01-19 21:00:00,Solar,0.0,0.0
2021-01-20 00:00:00,Solar,0.0,0.0
2021-01-20 03:00:00,Solar,0.0,0.0
2021-01-20 06:00:00,Solar,0.024481767718717573,0.024481767718717573
2021-01-20 09:00:00,Solar,0.19713952713817615,0.19713952713817615
2021-01-20 12:00:00,Solar,0.17434342415722728,0.17434342415722728
2021-01-20 15:00:00,Solar,0.004112398929639622,0.004112398929639622
2021-01-20 18:00:00,Solar,0.0,0.0
2021-01-20 21:00:00,Solar,0.0,0.0
2021-01-21 00:00:00,Solar,0.0,0.0
2021-01-21 03:00:00,Solar,0.0,0.0
2021-01-21 06:00:00,Solar,0.05097371555150166,0.05097371555150166
2021-01-21 09:00:00,Solar,0.26011484753592873,0.26011484753592873
2021-01-21 12:00:00,Solar,0.16865767549597163,0.16865767549597163
2021-01-21 15:00:00,Solar,0.003964915562258207,0.003964915562258207
2021-01-21 18:00:00,Solar,0.0,0.0
2021-01-21 21:00:00,Solar,0.0,0.0
2021-01-22 00:00:00,Solar,0.0,0.0
2021-01-22 03:00:00,Solar,0.0,0.0
2021-01-22 06:00:00,Solar,0.03828545370624191,0.03828545370624191
2021-01-22 09:00:00,Solar,0.18042980585457288,0.18042980585457288
2021-01-22 12:00:00,Solar,0.14303606269361885,0.14303606269361885
2021-01-22 15:00:00,Solar,0.005732207302277695,0.005732207302277695
2021-01-22 18:00:00,Solar,0.0,0.0
2021-01-22 21:00:00,Solar,0.0,0.0
2021-01-23 00:00:00,Solar,0.0,0.0
2021-01-23 03:00:00,Solar,0.0,0.0
2021-01-23 06:00:00,Solar,0.018486958554771282,0.018486958554771282
2021-01-23 09:00:00,Solar,0.15398636589863762,0.15398636589863762
2021-01-23 12:00:00,Solar,0.13051938790186807,0.13051938790186807
2021-01-23 15:00:00,Solar,0.003726733338736491,0.003726733338736491
2021-01-23 18:00:00,Solar,0.0,0.0
2021-01-23 21:00:00,Solar,0.0,0.0
2021-01-24 00:00:00,Solar,0.0,0.0
2021-01-24 03:00:00,Solar,0.0,0.0
2021-01-24 06:00:00,Solar,0.02612697440615417,0.02612697440615417
2021-01-24 09:00:00,Solar,0.1350952904006356,0.1350952904006356
2021-01-24 12:00:00,Solar,0.10276385181709563,0.10276385181709563
2021-01-24 15:00:00,Solar,0.00607967617449157,0.00607967617449157
2021-01-24 18:00:00,Solar,0.0,0.0
2021-01-24 21:00:00,Solar,0.0,0.0
2021-01-25 00:00:00,Solar,0.0,0.0
2021-01-25 03:00:00,Solar,0.0,0.0
2021-01-25 06:00:00,Solar,0.03579100626107342,0.03463312430646757
2021-01-25 09:00:00,Solar,0.19187930500462597,0.17813587019761817
2021-01-25 12:00:00,Solar,0.16028258686774005,0.1403306716830784
2021-01-25 15:00:00,Solar,0.003359227226751997,0.0027247274829636688
2021-01-25 18:00:00,Solar,0.0,0.0
2021-01-25 21:00:00,Solar,0.0,0.0
2021-01-26 00:00:00,Solar,0.0,0.0
2021-01-26 03:00:00,Solar,0.0,0.0
2021-01-26 06:00:00,Solar,0.034675626032564064,0.014298825243165633
2021-01-26 09:00:00,Solar,0.15876796666919565,0.05380370943344476
2021-01-26 12:00:00,Solar,0.1135231447173159,0.03115978939568133
2021-01-26 15:00:00,Solar,0.0016171453471528823,0.0003584005083084183
2021-01-26 18:00:00,Solar,0.0,0.0
2021-01-26 21:00:00,Solar,0.0,0.0
2021-01-27 00:00:00,Solar,0.0,0.0
2021-01-27 03:00:00,Solar,0.0,0.0
2021-01-27 06:00:00,Solar,0.028670467720945232,0.004300570158141736
2021-01-27 09:00:00,Solar,0.17396406315728188,0.02609460947359225
2021-01-27 12:00:00,Solar,0.14376845097637858,0.021565267646456762
2021-01-27 15:00:00,Solar,0.003272379802053742,0.0004908569703080552
2021-01-27 18:00:00,Solar,0.0,0.0
2021-01-27 21:00:00,Solar,0.0,0.0
2021-01-28 00:00:00,Solar,0.0,0.0
2021-01-28 03:00:00,Solar,0.0,0.0
2021-01-28 06:00:00,Solar,0.013183295394773215,0.001977494309215976
2021-01-28 09:00:00,Solar,0.08530730749349999,0.012796096124024967
2021-01-28 12:00:00,Solar,0.10187328685013676,0.015280993027520453
2021-01-28 15:00:00,Solar,0.0018106006809917295,0.0002715901021487562
2021-01-28 18:00:00,Solar,0.0,0.0
2021-01-28 21:00:00,Solar,0.0,0.0
2021-01-29 00:00:00,Solar,0.0,0.0
2021-01-29 03:00:00,Solar,0.0,0.0
2021-01-29 06:00:00,Solar,0.025940715258821804,0.003891107288823225
2021-01-29 09:00:00,Solar,0.16879589263993133,0.025319383895989662
2021-01-29 12:00:00,Solar,0.13278869912872932,0.01991830486930936
2021-01-29 15:00:00,Solar,0.005530806629832566,0.0008296209944748775
2021-01-29 18:00:00,Solar,0.0,0.0
2021-01-29 21:00:00,Solar,0.0,0.0
2021-01-30 00:00:00,Solar,0.0,0.0
2021-01-30 03:00:00,Solar,0.0,0.0
2021-01-30 06:00:00,Solar,0.033429956538560276,0.005014493480783994
2021-01-30 09:00:00,Solar,0.17674999985777923,0.026512499978666833
2021-01-30 12:00:00,Solar,0.12174199753657083,0.018261299630485592
2021-01-30 15:00:00,Solar,0.0,0.0
2021-01-30 18:00:00,Solar,0.0,0.0
2021-01-30 21:00:00,Solar,0.0,0.0
2021-01-31 00:00:00,Solar,0.0,0.0
2021-01-31 03:00:00,Solar,0.0,0.0
2021-01-31 06:00:00,Solar,0.06285454905512003,0.00942818235826796
2021-01-31 09:00:00,Solar,0.31785830009653443,0.047678745014480134
2021-01-31 12:00:00,Solar,0.27347561459686925,0.04102134218953035
2021-01-31 15:00:00,Solar,0.01289353961421735,0.0019340309421325686
2021-01-31 18:00:00,Solar,0.0,0.0
2021-01-31 21:00:00,Solar,0.0,0.0
2021-02-01 00:00:00,Solar,0.0,0.0
2021-02-01 03:00:00,Solar,0.0,0.0
2021-02-01 06:00:00,Solar,0.04495761503114972,0.006743642254672428
2021-02-01 09:00:00,Solar,0.20337551997751727,0.030506327996627548
2021-02-01 12:00:00,Solar,0.143141071552216,0.021471160732832364
2021-02-01 15:00:00,Solar,0.004148289321782629,0.0006222433982673841
2021-02-01 18:00:00,Solar,0.0,0.0
2021-02-01 21:00:00,Solar,0.0,0.0
2021-02-02 00:00:00,Solar,0.0,0.0
2021-02-02 03:00:00,Solar,0.0,0.0
2021-02-02 06:00:00,Solar,0.03217700843160713,0.004826551264741018
2021-02-02 09:00:00,Solar,0.14394041058072188,0.021591061587108242
2021-02-02 12:00:00,Solar,0.0997069560092178,0.014956043401382629
2021-02-02 15:00:00,Solar,0.002113190259121739,0.0003169785388682556
2021-02-02 18:00:00,Solar,0.0,0.0
2021-02-02 21:00:00,Solar,0.0,0.0
2021-02-03 00:00:00,Solar,0.0,0.0
2021-02-03 03:00:00,Solar,0.0,0.0
2021-02-03 06:00:00,Solar,0.019457442485205995,0.0029186163727808684
2021-02-03 09:00:00,Solar,0.08611846525040334,0.012917769787560455
2021-02-03 12:00:00,Solar,0.07875709954186431,0.011813564931279592
2021-02-03 15:00:00,Solar,0.002786064040725792,0.00041790960610886004
2021-02-03 18:00:00,Solar,0.0,0.0
2021-02-03 21:00:00,Solar,0.0,0.0
2021-02-04 00:00:00,Solar,0.0,0.0
2021-02-04 03:00:00,Solar,0.0,0.0
2021-02-04 06:00:00,Solar,0.06326082244886323,0.00948912336732942
2021-02-04 09:00:00,Solar,0.2903594485992781,0.043553917289891664
2021-02-04 12:00:00,Solar,0.2453800807232337,0.03680701210848503
2021-02-04 15:00:00,Solar,0.014390406194895513,0.002158560929234307
2021-02-04 18:00:00,Solar,0.0,0.0
2021-02-04 21:00:00,Solar,0.0,0.0
2021-02-05 00:00:00,Solar,0.0,0.0
2021-02-05 03:00:00,Solar,0.0,0.0
2021-02-05 06:00:00,Solar,0.03831662895091969,0.005747494342637908
2021-02-05 09:00:00,Solar,0.16572585460019967,0.024858878190029892
2021-02-05 12:00:00,Solar,0.12931655289441357,0.019397482934162
2021-02-05 15:00:00,Solar,0.005884451323086778,0.0008826676984630094
2021-02-05 18:00:00,Solar,0.0,0.0
2021-02-05 21:00:00,Solar,0.0,0.0
2021-02-06 00:00:00,Solar,0.0,0.0
2021-02-06 03:00:00,Solar,0.0,0.0
2021-02-06 06:00:00,Solar,0.030454354729357352,0.005553388090006516
2021-02-06 09:00:00,Solar,0.13226186178198682,0.029312589975872775
2021-02-06 12:00:00,Solar,0.0967195829048458,0.026547554168427145
2021-02-06 15:00:00,Solar,0.0007678937274588582,0.0002602258620219331
2021-02-06 18:00:00,Solar,0.0,0.0
2021-02-06 21:00:00,Solar,0.0,0.0
2021-02-07 00:00:00,Solar,0.0,0.0
2021-02-07 03:00:00,Solar,0.0,0.0
2021-02-07 06:00:00,Solar,0.013002941408549329,0.009591495665768827
2021-02-07 09:00:00,Solar,0.08656671879846169,0.07021576746632206
2021-02-07 12:00:00,Solar,0.057930164036218236,0.05071903934656054
2021-02-07 15:00:00,Solar,0.0009457762894529393,0.0008780346704399038
2021-02-07 18:00:00,Solar,0.0,0.0
2021-02-07 21:00:00,Solar,0.0,0.0
2021-02-08 00:00:00,Solar,0.0,0.0
2021-02-08 03:00:00,Solar,0.0,0.0
2021-02-08 06:00:00,Solar,0.034177896319342496,0.034177896319342496
2021-02-08 09:00:00,Solar,0.13899380870956288,0.13899380870956288
2021-02-08 12:00:00,Solar,0.10345205566687504,0.10345205566687504
2021-02-08 15:00:00,Solar,0.011417511985638243,0.011417511985638243
2021-02-08 18:00:00,Solar,0.0,0.0
2021-02-08 21:00:00,Solar,0.0,0.0
2021-02-09 00:00:00,Solar,0.0,0.0
2021-02-09 03:00:00,Solar,0.0,0.0
2021-02-09 06:00:00,Solar,0.04330903360550073,0.04330903360550073
2021-02-09 09:00:00,Solar,0.1300825514879166,0.1300825514879166
2021-02-09 12:00:00,Solar,0.08890809922007537,0.08890809922007537
2021-02-09 15:00:00,Solar,0.011167666777635778,0.011167666777635778
2021-02-09 18:00:00,Solar,0.0,0.0
2021-02-09 21:00:00,Solar,0.0,0.0
2021-02-10 00:00:00,Solar,0.0,0.0
2021-02-10 03:00:00,Solar,0.0,0.0
2021-02-10 06:00:00,Solar,0.04709028541065873,0.04709028541065873
2021-02-10 09:00:00,Solar,0.19358829048872192,0.19358829048872192
2021-02-10 12:00:00,Solar,0.14463723176741797,0.14463723176741797
2021-02-10 15:00:00,Solar,0.014194915194992006,0.014194915194992006
2021-02-10 18:00:00,Solar,0.0,0.0
2021-02-10 21:00:00,Solar,0.0,0.0
2021-02-11 00:00:00,Solar,0.0,0.0
2021-02-11 03:00:00,Solar,0.0,0.0
2021-02-11 06:00:00,Solar,0.06643219639784903,0.06643219639784903
2021-02-11 09:00:00,Solar,0.2205149146230251,0.2205149146230251
2021-02-11 12:00:00,Solar,0.16500572447582956,0.16500572447582956
2021-02-11 15:00:00,Solar,0.024273384088239463,0.024273384088239463
2021-02-11 18:00:00,Solar,0.0,0.0
2021-02-11 21:00:00,Solar,0.0,0.0
2021-02-12 00:00:00,Solar,0.0,0.0
2021-02-12 03:00:00,Solar,0.0,0.0
2021-02-12 06:00:00,Solar,0.10795357384733607,0.10795357384733607
2021-02-12 09:00:00,Solar,0.39519544169862425,0.39519544169862425
2021-02-12 12:00:00,Solar,0.3171059913670159,0.3171059913670159
2021-02-12 15:00:00,Solar,0.045191784826294074,0.045191784826294074
2021-02-12 18:00:00,Solar,0.0,0.0
2021-02-12 21:00:00,Solar,0.0,0.0
2021-02-13 00:00:00,Solar,0.0,0.0
2021-02-13 03:00:00,Solar,0.0,0.0
2021-02-13 06:00:00,Solar,0.12458744125421896,0.12458744125421896
2021-02-13 09:00:00,Solar,0.45815201846858034,0.45815201846858034
2021-02-13 12:00:00,Solar,0.36651557867228346,0.36651557867228346
2021-02-13 15:00:00,Solar,0.053985717323759376,0.053985717323759376
2021-02-13 18:00:00,Solar,0.0,0.0
2021-02-13 21:00:00,Solar,0.0,0.0
2021-02-14 00:00:00,Solar,0.0,0.0
2021-02-14 03:00:00,Solar,0.0,0.0
2021-02-14 06:00:00,Solar,0.13244045486558442,0.13244045486558442
2021-02-14 09:00:00,Solar,0.48859419573679774,0.48859419573679774
2021-02-14 12:00:00,Solar,0.410064272521736,0.410064272521736
2021-02-14 15:00:00,Solar,0.057454305162247025,0.057454305162247025
2021-02-14 18:00:00,Solar,0.0,0.0
2021-02-14 21:00:00,Solar,0.0,0.0
